-2.251024,52.26125,2019-08-05 10:24:20,Cheshire West and Chester,151074.2,169540.00000000003,1057.0,52,0,0
-2.258864,52.267711,2019-08-05 10:44:19,Cheshire West and Chester,150130.1,172816.30000000002,3276.3,52,0,0
-2.273942,52.275253,2019-08-05 11:04:38,Cheshire West and Chester,148429.2,178597.7,5781.4,53,0,0
-2.263129,52.320739,2019-08-05 11:25:08,Cheshire West and Chester,142968.3,180370.0,1772.3000000000002,53,0,0
-2.274912,52.332864,2019-08-05 11:44:51,Cheshire West and Chester,141207.1,184785.6,4415.6,54,0,0
-2.314703,52.357098,2019-08-05 12:05:12,Cheshire West and Chester,136889.6,186069.6,1284.0,55,0,0
-2.315386,52.36633,2019-08-05 12:24:28,Cheshire West and Chester,135613.5,187080.6,1011.0,56,0,0
-2.316213,52.373914,2019-08-05 12:44:20,Cheshire West and Chester,134726,193516.9,6436.299999999999,57,0,0
-2.345991,52.418283,2019-08-05 13:05:52,Cheshire West and Chester,128344.9,196775.1,3258.2000000000003,58,0,0
-2.364354,52.433149,2019-08-05 13:24:39,Cheshire West and Chester,125917.6,198022.30000000002,1247.2,58,0,0
-2.369062,52.44271,2019-08-05 13:44:30,Cheshire West and Chester,124701.8,199509.7,1487.4,58,0,0
-2.371881,52.452496,2019-08-05 14:04:19,Cheshire West and Chester,123295.4,206071.0,6561.3,59,0,0
-2.395115,52.502297,2019-08-05 14:24:50,Cheshire West and Chester,116842.7,210783.6,4712.599999999999,59,0,0
-2.416789,52.532053,2019-08-05 14:44:43,Cheshire West and Chester,112279.8,220705.9,9922.300000000001,59,0,0
-2.435643,52.597293,2019-08-05 15:05:38,Cheshire West and Chester,103623.6,223352.6,2646.7,59,0,0
-2.441909,52.614637,2019-08-05 15:24:41,Cheshire West and Chester,101078.3,225498.30000000002,2145.7,59,0,0
-2.454496,52.627214,2019-08-05 15:44:31,Cheshire West and Chester,99144.3,226625.2,1126.9,59,0,0
-2.449859,52.635166,2019-08-05 16:04:29,Cheshire West and Chester,98128.9,227760.80000000002,1135.6000000000001,59,0,0
-2.449664,52.643893,2019-08-05 16:24:35,Cheshire West and Chester,97074.9,229358.6,1597.8000000000002,60,0,0
-2.45267,52.65246,2019-08-05 16:44:20,Cheshire West and Chester,95937.7,230397.1,1038.5,60,0,0
-2.450234,52.660607,2019-08-05 17:04:35,Cheshire West and Chester,95014.8,231793.9,1396.8000000000002,60,0,0
-2.446518,52.671216,2019-08-05 17:24:40,Cheshire West and Chester,93724.7,232882.8,1088.9,61,0,0
-2.444041,52.678575,2019-08-05 17:44:20,Cheshire West and Chester,92703.4,234271.19999999998,1388.4,62,0,0
-2.447065,52.688703,2019-08-05 18:04:35,Cheshire West and Chester,91377.2,235307.59999999998,1036.3999999999999,63,0,0
-2.45257,52.696073,2019-08-05 18:24:20,Cheshire West and Chester,90370.4,236401.39999999997,1093.8,63,0,0
-2.45921,52.702749,2019-08-05 19:02:50,Cheshire West and Chester,89325,237666.19999999995,1264.8,64,0,0
-2.461708,52.707101,2019-08-05 19:21:40,Cheshire West and Chester,88725.8,239042.89999999997,1376.7,64,0,0
-2.467975,52.712583,2019-08-05 19:41:37,Cheshire West and Chester,87490.7,240325.29999999996,1282.4,64,0,0
-2.470426,52.717847,2019-08-05 20:01:31,Cheshire West and Chester,86828.1,242552.89999999997,2227.6,64,0,0
-2.473587,52.730989,2019-08-05 20:21:35,Cheshire West and Chester,84804.1,244496.99999999997,1944.1000000000001,65,0,0
-2.483321,52.746026,2019-08-05 20:41:41,Cheshire West and Chester,82862.4,247838.29999999996,3341.3,66,0,0
-2.472317,52.766745,2019-08-05 21:01:45,Cheshire West and Chester,79900.4,248893.29999999996,1055.0,66,0,0
-2.477429,52.769521,2019-08-05 21:21:31,Cheshire West and Chester,79344.3,249905.89999999997,1012.6,66,0,0
-2.478734,52.777948,2019-08-05 21:41:35,Cheshire West and Chester,78382.4,253248.99999999997,3343.1,67,0,0
-2.461241,52.80242,2019-08-05 22:01:34,Cheshire West and Chester,75201.8,256227.19999999998,2978.2000000000003,68,0,0
-2.473533,52.818406,2019-08-05 22:21:43,Cheshire West and Chester,73041.9,257678.3,1451.1,69,0,0
-2.480608,52.82547,2019-08-05 22:41:31,Cheshire West and Chester,72017.5,259206.0,1527.7,69,0,0
-2.482296,52.833826,2019-08-05 23:01:35,Cheshire West and Chester,70952.4,264800.8,5594.8,70,0,0
-2.49413,52.873569,2019-08-05 23:21:51,Cheshire West and Chester,66266.7,267918.0,3117.2,70,0,0
-2.489956,52.89822,2019-08-05 23:41:43,Cheshire West and Chester,63208.9,268937.6,1019.6000000000001,71,0,0
-2.48579,52.905299,2019-08-06 00:01:31,Cheshire West and Chester,62227,270192.0,1254.3999999999999,72,0,0
-2.481468,52.910523,2019-08-06 00:21:37,Cheshire West and Chester,61360.2,278125.5,7933.5,72,0,0
-2.478739,52.91359,2019-08-06 00:41:31,Cheshire West and Chester,60954.2,291964.1,13838.6,72,0,0
-2.525861,53.015078,2019-08-06 01:01:59,Cheshire West and Chester,48734.9,295966.6,4002.5,72,0,0
-2.53648,53.031646,2019-08-06 01:21:47,Cheshire West and Chester,46756.6,299412.69999999995,3446.1,73,0,0
-2.536165,53.061612,2019-08-06 01:41:50,Cheshire West and Chester,43319.9,304582.39999999997,5169.7,73,0,0
-2.559589,53.093849,2019-08-06 02:01:48,Cheshire West and Chester,38943.5,306341.39999999997,1759.0,74,0,0
-2.565958,53.09952,2019-08-06 02:21:36,Cheshire West and Chester,38150.2,307646.8,1305.4,75,0,0
-2.574407,53.105304,2019-08-06 02:41:36,Cheshire West and Chester,37184.5,310802.8,3156.0,75,0,0
-2.604414,53.120486,2019-08-06 03:01:43,Cheshire West and Chester,34477.1,313582.5,2779.7,76,0,0
-2.632392,53.126909,2019-08-06 03:21:40,Cheshire West and Chester,32328.9,314740.2,1157.7,76,0,0
-2.640538,53.129235,2019-08-06 03:41:37,Cheshire West and Chester,31697.4,316068.5,1328.3000000000002,77,0,0
-2.648123,53.12985,2019-08-06 04:01:31,Cheshire West and Chester,31171.2,317633.2,1564.7,78,0,0
-2.66844,53.134319,2019-08-06 04:21:42,Cheshire West and Chester,29654.5,318945.10000000003,1311.8999999999999,78,0,0
-2.669689,53.135157,2019-08-06 04:41:31,Cheshire West and Chester,29474.3,320998.60000000003,2053.5,79,0,0
-2.680606,53.140882,2019-08-06 05:01:31,Cheshire West and Chester,28342.7,322207.30000000005,1208.7,79,0,0
-2.688312,53.147788,2019-08-06 05:21:43,Cheshire West and Chester,27401.5,323997.30000000005,1790.0,79,0,0
-2.69235,53.149949,2019-08-06 05:41:31,Cheshire West and Chester,26980.3,326392.80000000005,2395.5,80,0,0
-2.711413,53.15053,2019-08-06 06:01:38,Cheshire West and Chester,25611.6,327525.30000000005,1132.5,81,0,0
-2.720453,53.156473,2019-08-06 06:21:32,Cheshire West and Chester,24584.7,328896.70000000007,1371.4,81,0,0
-2.726497,53.161081,2019-08-06 06:41:43,Cheshire West and Chester,23789.7,330204.00000000006,1307.3,81,0,0
-2.73105,53.167744,2019-08-06 07:01:33,Cheshire West and Chester,22907.2,331632.30000000005,1428.3,81,0,0
-2.73718,53.173743,2019-08-06 07:21:40,Cheshire West and Chester,21920.7,332721.00000000006,1088.7,81,0,0
-2.744066,53.180985,2019-08-06 07:41:32,Cheshire West and Chester,20962.9,334784.80000000005,2063.8,81,0,0
-2.760779,53.192648,2019-08-06 08:01:45,Cheshire West and Chester,19167.3,336616.50000000006,1831.7,82,0,0
-2.76828,53.197474,2019-08-06 08:21:32,Cheshire West and Chester,18255,338157.70000000007,1541.1999999999998,82,0,0
-2.777116,53.202896,2019-08-06 08:41:49,Cheshire West and Chester,17335.7,339301.30000000005,1143.6,83,0,0
-2.78237,53.207512,2019-08-06 09:01:31,Cheshire West and Chester,16713.8,340355.80000000005,1054.5,83,0,0
-2.793887,53.210206,2019-08-06 09:21:43,Cheshire West and Chester,15820.4,341880.4,1524.6,84,0,0
-2.798324,53.21662,2019-08-06 09:41:39,Cheshire West and Chester,14887.4,343175.7,1295.3000000000002,84,0,0
-2.809715,53.221733,2019-08-06 10:01:34,Cheshire West and Chester,13894.3,344280.4,1104.7,84,0,0
-2.819201,53.225234,2019-08-06 10:21:46,Cheshire West and Chester,12995,345399.9,1119.5,85,0,0
-2.824365,53.229784,2019-08-06 10:41:40,Cheshire West and Chester,12372.1,346810.0,1410.1,85,0,0
-2.834925,53.236105,2019-08-06 11:01:48,Cheshire West and Chester,11121.5,348447.7,1637.7,85,0,0
-2.848304,53.242918,2019-08-06 11:21:46,Cheshire West and Chester,9771.3,349470.7,1023.0,85,0,0
-2.851933,53.247441,2019-08-06 11:41:32,Cheshire West and Chester,9191.6,350706.5,1235.8,85,0,0
-2.864857,53.250662,2019-08-06 12:01:49,Cheshire West and Chester,8044.1,354675.1,3968.6,86,0,0
-2.882754,53.277128,2019-08-06 12:22:04,Cheshire West and Chester,4390.6,355899.69999999995,1224.6000000000001,87,0,0
-2.897546,53.281299,2019-08-06 12:41:35,Cheshire West and Chester,3187.7,357705.69999999995,1806.0,88,0,0
-2.92209,53.282106,2019-08-06 13:01:46,Cheshire West and Chester,1486.9,358732.89999999997,1027.2,89,0,0
-2.932419,53.283522,2019-08-06 13:41:31,Cheshire West and Chester,513.1,359245.89999999997,513.0,89,0,0
-2.938495,53.284672,2019-08-06 14:02:11,Croydon,342673.2,360267.1,1021.2,90,0,0
-2.92725,53.284058,2019-08-06 14:21:32,Croydon,341732.9,362482.19999999995,2215.1,90,0,0
-2.898456,53.28149,2019-08-06 14:41:32,Croydon,339559,367257.89999999997,4775.7,90,0,0
-2.871356,53.262899,2019-08-06 15:01:34,Croydon,336495.4,369035.99999999994,1778.1000000000001,90,0,0
-2.865683,53.250759,2019-08-06 15:21:32,Croydon,334783.2,370337.69999999995,1301.7,91,0,0
-2.857265,53.249017,2019-08-06 15:41:32,Croydon,333924.8,372420.29999999993,2082.6,91,0,0
-2.839287,53.237823,2019-08-06 16:01:32,Croydon,331904.1,373523.29999999993,1103.0,92,0,0
-2.828232,53.232927,2019-08-06 16:21:33,Croydon,330886.6,374526.3999999999,1003.1,93,0,0
-2.822239,53.227841,2019-08-06 16:41:33,Croydon,330042.6,375790.1999999999,1263.8000000000002,93,0,0
-2.813303,53.222884,2019-08-06 17:01:32,Croydon,329081,377099.3999999999,1309.2,94,0,0
-2.798332,53.216602,2019-08-06 17:21:31,Croydon,327783.7,378401.8999999999,1302.5,95,0,0
-2.793396,53.210105,2019-08-06 17:41:32,Croydon,326818.2,379882.4999999999,1480.6,95,0,0
-2.78237,53.207512,2019-08-06 18:01:32,Croydon,325959.4,381494.09999999986,1611.6,95,0,0
-2.76828,53.197474,2019-08-06 18:21:32,Croydon,324418.2,382891.39999999985,1397.3,95,0,0
-2.756953,53.189218,2019-08-06 18:41:32,Croydon,323045.3,383950.19999999984,1058.8,96,0,0
-2.752657,53.186329,2019-08-06 19:06:43,Croydon,322602.5,385358.39999999985,1408.2,96,0,0
-2.741559,53.176942,2019-08-06 19:26:12,Croydon,321223.8,386391.39999999985,1033.0,97,0,0
-2.735974,53.170593,2019-08-06 19:46:14,Croydon,320380.4,387888.2999999999,1496.9,97,0,0
-2.727412,53.166191,2019-08-06 20:06:05,Croydon,319459.9,389153.9999999999,1265.6999999999998,98,0,0
-2.720155,53.157448,2019-08-06 20:26:26,Croydon,318204.3,390296.6999999999,1142.7,98,0,0
-2.720453,53.156473,2019-08-06 20:46:06,Croydon,318088.4,392845.8999999999,2549.2,99,0,0
-2.69235,53.149949,2019-08-06 21:06:12,Croydon,315692.9,394208.29999999993,1362.4,100,0,0
-2.688494,53.147654,2019-08-06 21:26:06,Croydon,315252.4,396261.79999999993,2053.5,100,0,0
-2.680606,53.140882,2019-08-06 21:46:14,Croydon,314330.5,397458.79999999993,1197.0,101,0,0
-2.669689,53.135157,2019-08-06 22:06:05,Croydon,313198.9,399681.8999999999,2223.1,102,0,0
-2.648123,53.12985,2019-08-06 22:26:14,Croydon,311502,402027.5999999999,2345.7,102,0,0
-2.632392,53.126909,2019-08-06 22:46:11,Croydon,310344.3,403345.0999999999,1317.5,102,0,0
-2.615537,53.124818,2019-08-06 23:06:05,Croydon,309156.3,406432.1999999999,3087.1,102,0,0
-2.581858,53.109863,2019-08-06 23:26:20,Croydon,306233,411279.7999999999,4847.6,102,0,0
-2.549896,53.08318,2019-08-06 23:46:30,Croydon,302329.5,413323.59999999986,2043.8000000000002,103,0,0
-2.535441,53.069427,2019-08-07 00:06:17,Croydon,300302.5,414676.09999999986,1352.5,103,0,0
-2.538418,53.058473,2019-08-07 00:26:10,Croydon,298972.1,415707.39999999985,1031.3,103,0,0
-2.540761,53.05263,2019-08-07 00:46:08,Croydon,298299.5,418449.2999999999,2741.9,104,0,0
-2.534996,53.029169,2019-08-07 01:06:11,Croydon,295623.1,420134.09999999986,1684.8,105,0,0
-2.534638,53.028626,2019-08-07 01:26:05,Croydon,295557.5,424921.89999999985,4787.8,105,0,0
-2.515354,52.992096,2019-08-07 01:46:21,Croydon,291258.5,434461.4999999998,9539.599999999999,106,0,0
-2.509571,52.975296,2019-08-07 02:06:10,Croydon,289246.4,442664.9999999998,8203.5,106,0,0
-2.478739,52.91359,2019-08-07 02:26:36,Croydon,281719,465447.19999999984,22782.2,106,0,0
-2.268677,52.780321,2019-08-07 02:46:27,Croydon,259201.6,468931.89999999985,3484.7,107,0,0
-2.262597,52.775522,2019-08-07 03:06:12,Croydon,258526.9,471777.7999999999,2845.9,108,0,0
-2.250186,52.752249,2019-08-07 03:26:10,Croydon,255716.8,478013.39999999985,6235.6,108,0,0
-2.214993,52.714122,2019-08-07 03:46:26,Croydon,250698.3,479259.89999999985,1246.5,109,0,0
-2.202533,52.706221,2019-08-07 04:06:14,Croydon,249481.2,482794.09999999986,3534.2000000000003,109,0,0
-2.183914,52.685579,2019-08-07 04:26:18,Croydon,246809.8,483871.7999999999,1077.7,109,0,0
-2.178101,52.677429,2019-08-07 04:46:10,Croydon,245786.1,488218.6999999999,4346.9,110,0,0
-2.161754,52.644771,2019-08-07 05:06:37,Croydon,241703.1,493121.5999999999,4902.9,111,0,0
-2.146192,52.61566,2019-08-07 05:27:10,Croydon,237594.9,496919.49999999994,3797.9,111,0,0
-2.122413,52.588972,2019-08-07 05:46:52,Croydon,233802.3,497942.19999999995,1022.7000000000003,111,0,0
-2.121702,52.582062,2019-08-07 06:06:05,Croydon,232837.2,499127.89999999997,1185.7,112,0,0
-2.118691,52.573049,2019-08-07 06:26:30,Croydon,231712.7,500568.49999999994,1440.6000000000001,112,0,0
-2.112371,52.564436,2019-08-07 06:46:06,Croydon,230343.1,503602.5999999999,3034.1,112,0,0
-2.093772,52.547551,2019-08-07 07:07:02,Croydon,227828.5,506117.99999999994,2515.3999999999996,113,0,0
-2.08225,52.537075,2019-08-07 07:26:27,Croydon,226124.6,507560.69999999995,1442.6999999999998,113,0,0
-2.068582,52.531277,2019-08-07 07:46:26,Croydon,224888.3,508877.89999999997,1317.2,114,0,0
-2.05295,52.525521,2019-08-07 08:06:31,Croydon,223637.5,512556.19999999995,3678.2999999999997,115,0,0
-2.017739,52.514076,2019-08-07 08:27:00,Croydon,220908.1,513853.99999999994,1297.8,116,0,0
-2.007354,52.507694,2019-08-07 08:46:28,Croydon,219868.1,515955.49999999994,2101.5,117,0,0
-1.97896,52.501858,2019-08-07 09:06:23,Croydon,217786.6,517590.39999999997,1634.9,117,0,0
-1.962218,52.499664,2019-08-07 09:26:28,Croydon,216389.7,519274.39999999997,1684.0,118,0,0
-1.954851,52.498105,2019-08-07 09:46:30,Croydon,215818.4,520423.19999999995,1148.8,118,0,0
-1.942995,52.491375,2019-08-07 10:06:29,Croydon,214705.8,521699.1,1275.9,118,0,0
-1.928617,52.491211,2019-08-07 10:26:36,Croydon,213613.6,523054.69999999995,1355.6,119,0,0
-1.915431,52.485629,2019-08-07 10:46:05,Croydon,212387,524388.0,1333.3000000000002,120,0,0
-1.903124,52.479459,2019-08-07 11:07:09,Croydon,211076.2,525434.8,1046.8,120,0,0
-1.891103,52.47614,2019-08-07 11:26:06,Croydon,210078.7,526716.3,1281.5,120,0,0
-1.876032,52.474827,2019-08-07 11:47:07,Croydon,208846.5,528032.3,1316.0,120,0,0
-1.86397,52.468459,2019-08-07 12:06:54,Croydon,207618.1,529061.3,1029.0,120,0,0
-1.853702,52.462788,2019-08-07 12:26:05,Croydon,206636,531810.6000000001,2749.2999999999997,120,0,0
-1.837263,52.460266,2019-08-07 12:46:33,Croydon,205168.8,533130.6000000001,1320.0,120,0,0
-1.81964,52.456107,2019-08-07 13:06:31,Croydon,203886.7,534257.0000000001,1126.4,120,0,0
-1.808727,52.452771,2019-08-07 13:26:35,Croydon,202814.5,535368.6000000001,1111.6,121,0,0
-1.802388,52.44929,2019-08-07 13:46:06,Croydon,202095.3,536382.6000000001,1014.0,121,0,0
-1.795301,52.444731,2019-08-07 14:06:49,Croydon,201142.4,537525.1000000001,1142.5,122,0,0
-1.785157,52.439721,2019-08-07 14:26:26,Croydon,200066.5,538587.2000000001,1062.1000000000001,123,0,0
-1.781289,52.43489,2019-08-07 14:46:05,Croydon,199375.9,539765.9,1178.7,123,0,0
-1.776499,52.427024,2019-08-07 15:07:36,Croydon,198392.6,540857.5,1091.6,123,0,0
-1.767625,52.422209,2019-08-07 15:26:06,Croydon,197461,542422.9,1565.4,124,0,0
-1.761986,52.41745,2019-08-07 15:46:05,Croydon,196749.3,544170.5,1747.6,125,0,0
-1.748899,52.417557,2019-08-07 16:06:19,Croydon,195820.6,545761.6,1591.1,125,0,0
-1.736134,52.411949,2019-08-07 16:26:23,Croydon,194580.7,546975.2,1213.6,125,0,0
-1.733718,52.406161,2019-08-07 16:47:39,Croydon,193853.6,548080.5,1105.3,125,0,0
-1.720174,52.405582,2019-08-07 17:06:05,Croydon,192784.9,549882.3,1801.8000000000002,125,0,0
-1.698608,52.40105,2019-08-07 17:26:22,Croydon,191178.3,551492.1000000001,1609.8,126,0,0
-1.68188,52.395788,2019-08-07 17:46:37,Croydon,189842.2,552675.3,1183.2,127,0,0
-1.672319,52.391133,2019-08-07 18:06:05,Croydon,188918.8,553978.4,1303.1,128,0,0
-1.657236,52.390856,2019-08-07 18:26:31,Croydon,187736.7,555105.2000000001,1126.8,128,0,0
-1.645379,52.388239,2019-08-07 18:46:29,Croydon,186648.7,556280.1000000001,1174.9,128,0,0
-1.635334,52.383477,2019-08-07 19:06:05,Croydon,185518.5,557391.1000000001,1111.0,128,0,0
-1.635406,52.383078,2019-08-07 19:45:36,Croydon,185473.8,559205.4000000001,1814.3000000000002,128,0,0
-1.62191,52.378174,2019-08-07 20:03:59,Croydon,184407.4,560320.9000000001,1115.5,128,0,0
-1.612099,52.380456,2019-08-07 20:22:42,Croydon,183659.5,561500.7000000002,1179.8000000000002,129,0,0
-1.603556,52.378847,2019-08-07 20:43:10,Croydon,182838.8,563909.0000000002,2408.3,130,0,0
-1.59118,52.380082,2019-08-07 21:02:42,Croydon,181935.8,567253.4000000003,3344.3999999999996,131,0,0
-1.578029,52.369743,2019-08-07 21:24:41,Croydon,180403.5,569463.5000000002,2210.1,132,0,0
-1.552935,52.367818,2019-08-07 21:42:59,Croydon,178591.3,571579.1000000002,2115.6,132,0,0
-1.533462,52.359618,2019-08-07 22:03:10,Croydon,176486.3,572977.3000000002,1398.2,133,0,0
-1.518245,52.352393,2019-08-07 22:22:42,Croydon,175168.4,574325.1000000002,1347.8,133,0,0
-1.507875,52.352017,2019-08-07 22:42:51,Croydon,174433.5,576730.5000000002,2405.4,133,0,0
-1.479477,52.340675,2019-08-07 23:02:56,Croydon,172063.3,579285.0000000002,2554.5,134,0,0
-1.474956,52.320985,2019-08-07 23:23:02,Croydon,169555.3,580914.1000000002,1629.1,135,0,0
-1.456013,52.31402,2019-08-07 23:42:48,Croydon,167972.4,583939.3000000002,3025.2,135,0,0
-1.437166,52.299988,2019-08-08 00:02:51,Croydon,165564.4,585009.2000000002,1069.9,136,0,0
-1.430429,52.296474,2019-08-08 00:22:42,Croydon,164947.2,587451.7000000002,2442.5,137,0,0
-1.403805,52.285678,2019-08-08 00:42:55,Croydon,162542,588889.9000000001,1438.2,137,0,0
-1.391709,52.279652,2019-08-08 01:02:50,Croydon,161216.6,589962.3000000002,1072.4,138,0,0
-1.389597,52.278759,2019-08-08 01:22:42,Croydon,161021.7,591822.3000000002,1860.0,138,0,0
-1.376409,52.27907,2019-08-08 01:42:48,Croydon,160107.1,592948.6000000002,1126.3,139,0,0
-1.365699,52.273839,2019-08-08 02:02:41,Croydon,159161.7,594141.6000000002,1193.0,139,0,0
-1.359628,52.268383,2019-08-08 02:22:47,Croydon,158328.4,596686.7000000002,2545.1000000000004,140,0,0
-1.349033,52.263318,2019-08-08 02:42:46,Croydon,157338.6,598512.9000000001,1826.2,140,0,0
-1.333741,52.253602,2019-08-08 03:22:41,Croydon,155783.4,599649.5000000001,1136.6000000000001,141,0,0
-1.327015,52.248234,2019-08-08 03:42:42,Croydon,154866.5,600723.9000000001,1074.4,141,0,0
-1.325503,52.24228,2019-08-08 04:02:43,Croydon,154037.5,603290.3000000002,2566.4,141,0,0
-1.31993,52.221126,2019-08-08 04:22:53,Croydon,151480.9,606048.8000000002,2758.5,141,0,0
-1.315019,52.199616,2019-08-08 04:42:53,Croydon,148777.7,611174.2000000002,5125.4,142,0,0
-1.287693,52.168451,2019-08-08 05:02:58,Croydon,144627.9,616997.6000000002,5823.400000000001,142,0,0
-1.250153,52.134448,2019-08-08 05:22:56,Croydon,139786.3,618238.5000000002,1240.9,142,0,0
-1.241835,52.126491,2019-08-08 05:42:46,Croydon,138631.2,621209.5000000002,2971.0,142,0,0
-1.23499,52.114636,2019-08-08 06:02:47,Croydon,137208.7,622789.8000000003,1580.3,143,0,0
-1.218311,52.109419,2019-08-08 06:22:48,Croydon,135660.1,625925.7000000003,3135.8999999999996,143,0,0
-1.205927,52.094017,2019-08-08 06:42:50,Croydon,133102.9,628018.5000000003,2092.8,143,0,0
-1.198784,52.078895,2019-08-08 07:02:52,Croydon,131021,630385.5000000003,2367.0,144,0,0
-1.190723,52.075266,2019-08-08 07:22:42,Croydon,130210.2,635022.8000000004,4637.299999999999,145,0,0
-1.153139,52.043107,2019-08-08 07:43:05,Croydon,125577.2,636223.2000000004,1200.3999999999999,145,0,0
-1.14263,52.037895,2019-08-08 08:02:47,Croydon,124463.4,637752.0000000005,1528.8,145,0,0
-1.124771,52.034871,2019-08-08 08:22:46,Croydon,122953,640404.1000000004,2652.1000000000004,145,0,0
-1.1181,52.033604,2019-08-08 08:42:46,Croydon,122465.2,642782.1000000004,2378.0,145,0,0
-1.088999,52.027315,2019-08-08 09:02:49,Croydon,120300.8,643782.7000000004,1000.6,145,0,0
-1.093296,52.021216,2019-08-08 09:22:49,Croydon,119549.7,647509.2000000004,3726.5,146,0,0
-1.087617,52.005143,2019-08-08 09:42:47,Croydon,117303,649315.2000000004,1806.0,146,0,0
-1.076291,51.992511,2019-08-08 10:03:10,Croydon,115561.7,651498.3000000004,2183.1,147,0,0
-1.0549,51.986816,2019-08-08 10:22:42,Croydon,113660.7,653694.4000000004,2196.1,148,0,0
-1.043688,51.985864,2019-08-08 10:43:13,Croydon,112774.3,655473.4000000004,1779.0,149,0,0
-1.029135,51.979377,2019-08-08 11:02:51,Croydon,111464.5,657051.2000000004,1577.8,150,0,0
-1.008979,51.980938,2019-08-08 11:22:53,Croydon,109925,658994.9000000004,1943.7,150,0,0
-1.007098,51.974638,2019-08-08 11:42:42,Croydon,109150.7,660608.1000000003,1613.2,151,0,0
-1.009453,51.964543,2019-08-08 12:03:05,Croydon,107981.3,661665.3000000003,1057.2,151,0,0
-1.00457,51.958294,2019-08-08 12:22:41,Croydon,107008.8,663210.0000000002,1544.7,151,0,0
-1.003253,51.948999,2019-08-08 12:42:53,Croydon,105919.6,664835.7000000002,1625.7,152,0,0
-0.991252,51.940518,2019-08-08 13:02:47,Croydon,104357.2,666227.8000000002,1392.1000000000001,153,0,0
-0.978375,51.935797,2019-08-08 13:22:49,Croydon,103160.2,667638.7000000002,1410.9,153,0,0
-0.971535,51.932617,2019-08-08 13:42:43,Croydon,102555.3,669511.7000000002,1873.0,154,0,0
-0.962326,51.928317,2019-08-08 14:03:42,Croydon,101749.2,672257.1000000002,2745.4,154,0,0
-0.945998,51.915816,2019-08-08 14:22:54,Croydon,99335.1,673678.4000000003,1421.3,154,0,0
-0.927654,51.912538,2019-08-08 14:43:48,Croydon,98007.8,675294.0000000002,1615.6,154,0,0
-0.912916,51.90689,2019-08-08 15:03:00,Croydon,96804.8,676694.5000000002,1400.5,155,0,0
-0.908201,51.896565,2019-08-08 15:22:46,Croydon,95411.6,678001.6000000002,1307.1,155,0,0
-0.897368,51.893774,2019-08-08 15:42:49,Croydon,94590.5,679531.9000000003,1530.3,155,0,0
-0.895898,51.88951,2019-08-08 16:02:44,Croydon,94104.5,681943.0000000002,2411.1,155,0,0
-0.892138,51.880428,2019-08-08 16:22:41,Croydon,93060.2,683789.0000000002,1846.0,156,0,0
-0.887683,51.868491,2019-08-08 16:43:03,Croydon,91693.3,688037.4000000003,4248.4,156,0,0
-0.856969,51.841668,2019-08-08 17:03:32,Croydon,87553.3,689200.7000000003,1163.3,156,0,0
-0.851725,51.835346,2019-08-08 17:23:33,Croydon,86656.1,691923.9000000003,2723.2000000000003,156,0,0
-0.825384,51.823205,2019-08-08 17:42:53,Croydon,84007.4,692997.9000000003,1074.0000000000002,157,0,0
-0.813461,51.819523,2019-08-08 18:02:51,Croydon,83030.5,694132.2000000003,1134.3,157,0,0
-0.805256,51.81452,2019-08-08 18:22:48,Croydon,82103,695173.4000000003,1041.1999999999998,157,0,0
-0.79461,51.810327,2019-08-08 18:42:42,Croydon,81174.5,696217.7000000003,1044.3,157,0,0
-0.785274,51.805707,2019-08-08 19:03:19,Croydon,80136,698706.9000000003,2489.2,157,0,0
-0.775641,51.801877,2019-08-08 19:22:41,Croydon,79130.9,700361.6000000002,1654.7,158,0,0
-0.765554,51.790457,2019-08-08 19:44:40,Croydon,77646.6,701390.4000000003,1028.8,158,0,0
-0.759067,51.785759,2019-08-08 20:20:40,Croydon,76816,702684.0000000002,1293.6,159,0,0
-0.747917,51.778698,2019-08-08 20:38:27,Croydon,75655,703707.8000000003,1023.8,159,0,0
-0.745785,51.771621,2019-08-08 20:58:49,Croydon,74758.6,704766.0000000002,1058.2,160,0,0
-0.740469,51.765879,2019-08-08 21:18:36,Croydon,73810.3,705774.7000000002,1008.7,160,0,0
-0.739308,51.761538,2019-08-08 21:38:21,Croydon,73206.5,707816.8000000002,2042.1,160,0,0
-0.736052,51.758335,2019-08-08 21:58:21,Croydon,72779.6,709442.3000000002,1625.5,161,0,0
-0.712623,51.758629,2019-08-08 22:18:29,Croydon,71164.5,710494.8000000002,1052.5,161,0,0
-0.708732,51.758246,2019-08-08 22:38:21,Croydon,70866.1,712283.9000000001,1789.1,162,0,0
-0.695957,51.756425,2019-08-08 22:58:31,Croydon,69735.2,714410.1000000001,2126.2,162,0,0
-0.692881,51.750281,2019-08-08 23:18:28,Croydon,68950.3,715909.0000000001,1498.8999999999999,163,0,0
-0.67931,51.742065,2019-08-08 23:38:29,Croydon,67609,716911.6000000001,1002.6,163,0,0
-0.680295,51.740829,2019-08-08 23:58:21,Croydon,67451.4,718930.1000000001,2018.5,164,0,0
-0.681184,51.725442,2019-08-09 00:18:36,Croydon,65683.8,720219.4000000001,1289.3,164,0,0
-0.6805,51.716525,2019-08-09 00:38:26,Croydon,64661.4,721334.0000000001,1114.6000000000001,164,0,0
-0.676876,51.708268,2019-08-09 00:58:26,Croydon,63640.4,722535.1000000001,1201.1,164,0,0
-0.667374,51.702264,2019-08-09 01:18:21,Croydon,62534.5,723588.9000000001,1053.8,164,0,0
-0.658484,51.695914,2019-08-09 01:38:43,Croydon,61536.1,725065.7000000002,1476.8000000000002,164,0,0
-0.644231,51.690391,2019-08-09 01:58:21,Croydon,60317.3,726238.3000000002,1172.6,164,0,0
-0.635462,51.682858,2019-08-09 02:18:32,Croydon,59190.4,727761.0000000001,1522.7,164,0,0
-0.636303,51.676279,2019-08-09 02:38:21,Croydon,58425.7,729417.1000000001,1656.1,164,0,0
-0.617995,51.66877,2019-08-09 02:58:28,Croydon,56873.8,731426.1000000001,2009.0,164,0,0
-0.606854,51.664317,2019-08-09 03:18:29,Croydon,55883.4,735812.6000000001,4386.5,165,0,0
-0.574647,51.636758,2019-08-09 03:38:41,Croydon,51835.9,739552.0000000001,3739.4,166,0,0
-0.556212,51.608134,2019-08-09 03:58:40,Croydon,48150.6,740649.5000000001,1097.4999999999998,166,0,0
-0.546255,51.607476,2019-08-09 04:18:32,Croydon,47218.3,741651.2000000001,1001.7,167,0,0
-0.541542,51.605758,2019-08-09 04:38:21,Croydon,46802.1,745168.2000000001,3517.0,168,0,0
-0.524632,51.587921,2019-08-09 04:58:43,Croydon,44410.2,746595.7000000001,1427.5,169,0,0
-0.515724,51.579835,2019-08-09 05:18:21,Croydon,43186.9,747652.6000000001,1056.9,170,0,0
-0.514523,51.578293,2019-08-09 05:38:21,Croydon,42982.7,748804.1000000001,1151.5,170,0,0
-0.504172,51.574272,2019-08-09 05:58:40,Croydon,42129.9,750023.1000000001,1219.0,170,0,0
-0.500001,51.565547,2019-08-09 06:18:21,Croydon,40922.8,752004.9000000001,1981.8000000000002,171,0,0
-0.486933,51.552173,2019-08-09 06:38:31,Croydon,39039.4,754634.3000000002,2629.4,171,0,0
-0.487849,51.538174,2019-08-09 06:58:30,Croydon,37356.3,758599.4000000001,3965.1,171,0,0
-0.46734,51.509849,2019-08-09 07:19:00,Croydon,33572.3,761538.7000000002,2939.3,172,0,0
-0.429952,51.508505,2019-08-09 07:39:07,Croydon,30905.2,763341.6000000002,1802.8999999999999,172,0,0
-0.408231,51.500244,2019-08-09 07:58:36,Croydon,29133.2,764807.1000000002,1465.5,173,0,0
-0.400787,51.498319,2019-08-09 08:18:21,Croydon,28572.7,765810.1000000002,1003.0,173,0,0
-0.388732,51.495222,2019-08-09 08:38:40,Croydon,27663,766818.3000000002,1008.2,174,0,0
-0.381375,51.491252,2019-08-09 08:58:37,Croydon,26852.4,767823.4000000001,1005.1,174,0,0
-0.371485,51.48934,2019-08-09 09:18:40,Croydon,25940.8,769415.1000000001,1591.7,174,0,0
-0.357181,51.484331,2019-08-09 09:38:21,Croydon,24611.9,770726.4000000001,1311.3,175,0,0
-0.3425,51.48219,2019-08-09 09:58:42,Croydon,23374.4,772407.0000000001,1680.6000000000001,175,0,0
-0.329055,51.471986,2019-08-09 10:18:55,Croydon,21748.5,773421.4000000001,1014.3999999999999,175,0,0
-0.324864,51.466607,2019-08-09 10:38:42,Croydon,20838.5,774711.9000000001,1290.5,175,0,0
-0.313639,51.460681,2019-08-09 10:58:21,Croydon,19632.1,775927.0000000001,1215.1,175,0,0
-0.302782,51.453429,2019-08-09 11:19:15,Croydon,18462.8,777265.4000000001,1338.4,175,0,0
-0.294912,51.449763,2019-08-09 11:38:21,Croydon,17648.1,778642.2000000002,1376.7999999999997,175,0,0
-0.280172,51.445342,2019-08-09 11:58:50,Croydon,16460.1,779729.7000000002,1087.5,175,0,0
-0.269169,51.439674,2019-08-09 12:18:59,Croydon,15416.9,780814.0000000002,1084.3,176,0,0
-0.256322,51.436349,2019-08-09 12:38:51,Croydon,14364.1,782011.9000000003,1197.9,177,0,0
-0.245038,51.434977,2019-08-09 12:58:21,Croydon,13226.4,783359.2000000003,1347.3,177,0,0
-0.23017,51.427629,2019-08-09 13:20:07,Croydon,11883.4,784592.9000000003,1233.7,178,0,0
-0.216562,51.423101,2019-08-09 13:39:25,Croydon,10742.2,785616.8000000003,1023.9000000000001,179,0,0
-0.209388,51.419386,2019-08-09 13:58:21,Croydon,10023.8,786631.3000000003,1014.5000000000001,180,0,0
-0.201003,51.413691,2019-08-09 14:18:21,Croydon,9050.1,787829.4000000003,1198.1,180,0,0
-0.189024,51.411288,2019-08-09 14:40:43,Croydon,7986.3,788895.7000000003,1066.3,181,0,0
-0.181327,51.40616,2019-08-09 14:58:22,Croydon,6958.8,789941.0000000003,1045.3,181,0,0
-0.170418,51.402494,2019-08-09 15:18:37,Croydon,5981.3,790968.5000000003,1027.5,182,0,0
-0.160286,51.400841,2019-08-09 15:38:21,Croydon,5067.7,792199.3000000004,1230.8,183,0,0
-0.151206,51.396604,2019-08-09 15:59:02,Croydon,4184.5,793597.6000000004,1398.3000000000002,184,0,0
-0.13766,51.392954,2019-08-09 16:18:21,Croydon,3078.2,794641.1000000004,1043.5,185,0,0
-0.129519,51.387205,2019-08-09 16:39:01,Croydon,2041.1,795927.7000000004,1286.6,185,0,0
-0.122826,51.381694,2019-08-09 16:59:21,Croydon,1192.8,796934.3000000004,1006.5999999999999,186,0,0
-0.112923,51.377358,2019-08-09 17:18:23,Stroud,191414.3,798076.4000000004,1142.1,187,0,0
-0.124045,51.382522,2019-08-09 17:38:21,Stroud,190293,799258.9000000004,1182.5,187,0,0
-0.129016,51.387845,2019-08-09 17:58:21,Stroud,189473.7,800305.0000000003,1046.1,187,0,0
-0.138049,51.39328,2019-08-09 18:18:21,Stroud,188496.9,801366.0000000003,1061.0,188,0,0
-0.146952,51.395779,2019-08-09 18:38:21,Stroud,187783.5,802476.6000000003,1110.6,189,0,0
-0.158756,51.398525,2019-08-09 18:58:25,Stroud,186838.7,803592.1000000003,1115.5,190,0,0
-0.168307,51.402238,2019-08-09 19:38:21,Stroud,185818.7,804710.6000000003,1118.5,190,0,0
-0.180076,51.405218,2019-08-09 19:58:21,Stroud,184803.7,805746.1000000003,1035.5,191,0,0
-0.187306,51.409587,2019-08-09 20:41:55,Stroud,183916.8,806885.2000000003,1139.1,192,0,0
-0.194998,51.412396,2019-08-09 21:18:12,Stroud,183066.5,808045.7000000003,1160.5,192,0,0
-0.205963,51.415903,2019-08-09 21:38:45,Stroud,182102.7,809151.8000000003,1106.1000000000001,192,0,0
-0.214193,51.421765,2019-08-09 21:58:12,Stroud,181121.3,810367.6000000003,1215.8,193,0,0
-0.224641,51.426133,2019-08-09 22:18:27,Stroud,180203.8,811385.5000000003,1017.9,193,0,0
-0.235094,51.430312,2019-08-09 22:38:32,Stroud,179279.5,812633.6000000003,1248.1,194,0,0
-0.245348,51.435029,2019-08-09 22:58:29,Stroud,178370.3,813664.9000000004,1031.3,194,0,0
-0.254424,51.436774,2019-08-09 23:18:12,Stroud,177466.4,814849.4000000004,1184.5,194,0,0
-0.267876,51.439214,2019-08-09 23:38:26,Stroud,176317.7,816367.7000000004,1518.3000000000002,195,0,0
-0.282929,51.446942,2019-08-09 23:58:30,Stroud,174886.2,817476.2000000004,1108.5,196,0,0
-0.296014,51.450082,2019-08-10 00:18:29,Stroud,173872.2,818919.0000000005,1442.8,196,0,0
-0.307682,51.458529,2019-08-10 00:38:39,Stroud,172476.8,820495.2000000004,1576.1999999999998,196,0,0
-0.323136,51.46524,2019-08-10 00:58:12,Stroud,171002.7,821537.8000000004,1042.6,196,0,0
-0.32523,51.471106,2019-08-10 01:18:28,Stroud,170183,822778.0000000003,1240.2,196,0,0
-0.336858,51.47678,2019-08-10 01:38:25,Stroud,169013.9,823890.5000000003,1112.5,197,0,0
-0.346942,51.481683,2019-08-10 01:58:29,Stroud,167919.3,825644.1000000003,1753.6000000000001,198,0,0
-0.357181,51.484331,2019-08-10 02:18:28,Stroud,166996.4,826658.5000000003,1014.4000000000001,199,0,0
-0.366028,51.489109,2019-08-10 02:38:12,Stroud,166139.8,827844.8000000004,1186.3,200,0,0
-0.378165,51.491577,2019-08-10 02:58:27,Stroud,165008.3,828907.8000000004,1063.0,201,0,0
-0.387426,51.495016,2019-08-10 03:18:12,Stroud,164038.7,829910.8000000004,1003.0,202,0,0
-0.388744,51.495181,2019-08-10 03:38:27,Stroud,163940.7,837118.4000000004,7207.6,203,0,0
-0.478976,51.516987,2019-08-10 03:58:57,Stroud,156802.7,842329.6000000003,5211.2,203,0,0
-0.541773,51.509523,2019-08-10 04:18:45,Stroud,152290.5,844253.8000000003,1924.2,203,0,0
-0.568121,51.511106,2019-08-10 04:38:27,Stroud,150435.8,845983.7000000003,1729.9,204,0,0
-0.573759,51.512974,2019-08-10 04:58:26,Stroud,149958.8,847307.4000000003,1323.7,204,0,0
-0.589847,51.518011,2019-08-10 05:18:12,Stroud,148640.6,848442.2000000003,1134.8,204,0,0
-0.604758,51.518137,2019-08-10 05:38:24,Stroud,147512.7,851278.1000000003,2835.8999999999996,204,0,0
-0.640484,51.523428,2019-08-10 05:58:38,Stroud,144747.7,852515.3000000003,1237.2,205,0,0
-0.653066,51.529698,2019-08-10 06:18:12,Stroud,143512.9,853546.5000000002,1031.2,205,0,0
-0.663053,51.533245,2019-08-10 06:38:24,Stroud,142524.2,855890.4000000003,2343.9,205,0,0
-0.686039,51.529169,2019-08-10 06:58:25,Stroud,140828.1,856943.0000000002,1052.6000000000001,206,0,0
-0.693661,51.52319,2019-08-10 07:18:12,Stroud,139879.7,857989.4000000003,1046.3999999999999,207,0,0
-0.705789,51.523836,2019-08-10 07:38:25,Stroud,139019.9,859034.9000000003,1045.5,207,0,0
-0.719956,51.522823,2019-08-10 07:58:11,Stroud,137988,860142.5000000002,1107.6,208,0,0
-0.729397,51.522151,2019-08-10 08:18:26,Stroud,137050.8,861323.6000000002,1181.1,208,0,0
-0.743876,51.524139,2019-08-10 08:38:13,Stroud,136008.7,862819.0000000002,1495.4,208,0,0
-0.760075,51.525563,2019-08-10 08:58:19,Stroud,134785.7,863905.7000000002,1086.7000000000003,208,0,0
-0.772778,51.526059,2019-08-10 09:18:19,Stroud,133753,865283.4000000001,1377.7,208,0,0
-0.780641,51.523843,2019-08-10 09:38:12,Stroud,133081.5,866859.0000000001,1575.6000000000001,208,0,0
-0.79825,51.524817,2019-08-10 09:58:18,Stroud,131741.5,868789.5000000001,1930.5,208,0,0
-0.817863,51.525895,2019-08-10 10:18:19,Stroud,130172.1,869814.0000000001,1024.5,208,0,0
-0.828888,51.526518,2019-08-10 10:38:12,Stroud,129230.6,870918.9000000001,1104.9,209,0,0
-0.835663,51.524676,2019-08-10 10:58:23,Stroud,128623.5,872381.4000000001,1462.5,209,0,0
-0.849951,51.52445,2019-08-10 11:18:12,Stroud,127394.3,874371.9000000001,1990.5,209,0,0
-0.861999,51.53031,2019-08-10 11:38:23,Stroud,126322.2,875659.4000000001,1287.5,210,0,0
-0.86766,51.537539,2019-08-10 11:58:19,Stroud,125403.8,877178.6000000001,1519.2000000000003,210,0,0
-0.877739,51.54,2019-08-10 12:18:12,Stroud,124431.4,878434.4000000001,1255.8000000000002,211,0,0
-0.884798,51.540134,2019-08-10 12:38:20,Stroud,123851.3,879695.3000000002,1260.9,212,0,0
-0.89797,51.537103,2019-08-10 12:58:12,Stroud,122798,880864.4000000001,1169.1,212,0,0
-0.912291,51.537403,2019-08-10 13:18:21,Stroud,121707.7,884169.9000000001,3305.5,212,0,0
-0.951336,51.537832,2019-08-10 13:38:31,Stroud,118809.3,885266.6000000001,1096.7,213,0,0
-0.956705,51.542413,2019-08-10 13:58:12,Stroud,118112.2,886573.0000000001,1306.4,214,0,0
-0.971809,51.544024,2019-08-10 14:18:19,Stroud,116966.7,887726.2000000001,1153.2,215,0,0
-0.981889,51.548321,2019-08-10 14:38:12,Stroud,116094.4,888751.3,1025.1000000000001,216,0,0
-0.991915,51.551158,2019-08-10 14:58:33,Stroud,115303.1,890254.1000000001,1502.8,216,0,0
-1.01145,51.552778,2019-08-10 15:18:18,Stroud,113814,891420.7000000001,1166.6,216,0,0
-1.021733,51.548805,2019-08-10 15:38:15,Stroud,112839.9,892443.3,1022.6,217,0,0
-1.028489,51.548436,2019-08-10 15:58:12,Stroud,112275.3,893768.4,1325.1,217,0,0
-1.045597,51.550654,2019-08-10 16:18:19,Stroud,110968.7,894826.7000000001,1058.3,218,0,0
-1.05706,51.555348,2019-08-10 16:38:18,Stroud,109983.1,896332.9,1506.2,218,0,0
-1.070854,51.561553,2019-08-10 16:58:12,Stroud,108595.6,897342.3,1009.4,218,0,0
-1.070412,51.562584,2019-08-10 17:18:12,Stroud,108476.9,900433.3,3091.0,219,0,0
-1.089588,51.582542,2019-08-10 17:38:35,Stroud,105636.4,902161.7000000001,1728.4,219,0,0
-1.107653,51.591122,2019-08-10 17:58:38,Stroud,104013.9,903211.2000000001,1049.5,220,0,0
-1.113131,51.598142,2019-08-10 18:18:12,Stroud,103012.4,904386.6000000001,1175.3999999999999,220,0,0
-1.127154,51.600854,2019-08-10 18:38:17,Stroud,101875.8,908632.9000000001,4246.3,221,0,0
-1.173633,51.594421,2019-08-10 18:58:25,Stroud,98329.8,910231.7000000002,1598.8,221,0,0
-1.192207,51.593939,2019-08-10 19:18:29,Stroud,96790.2,911905.8000000002,1674.1,221,0,0
-1.211955,51.597428,2019-08-10 19:38:24,Stroud,95122.3,913511.8000000002,1606.0,222,0,0
-1.227568,51.60611,2019-08-10 19:58:19,Stroud,93620.1,914661.7000000002,1149.9,222,0,0
-1.241342,51.610238,2019-08-10 20:19:05,Stroud,92513.2,916719.4000000001,2057.7,222,0,0
-1.258182,51.614617,2019-08-10 20:38:22,Stroud,91195.7,919374.6000000001,2655.2,222,0,0
-1.289945,51.619881,2019-08-10 20:58:24,Stroud,88878.7,920419.3,1044.7,222,0,0
-1.301862,51.622372,2019-08-10 21:29:38,Stroud,87889.4,921432.4,1013.0999999999999,223,0,0
-1.312457,51.622976,2019-08-10 21:48:51,Stroud,87112.8,925920.4,4488.0,224,0,0
-1.329198,51.627366,2019-08-10 22:08:58,Stroud,85662.5,930688.1,4767.700000000001,224,0,0
-1.368791,51.635542,2019-08-10 22:29:09,Stroud,82624.7,932512.7,1824.6000000000001,225,0,0
-1.394903,51.634373,2019-08-10 22:48:56,Stroud,80803.9,933615.1,1102.4,226,0,0
-1.399193,51.636695,2019-08-10 23:08:52,Stroud,80202.9,935116.0,1500.9,227,0,0
-1.412519,51.636654,2019-08-10 23:28:57,Stroud,79220.9,936859.7,1743.6999999999998,227,0,0
-1.430421,51.644198,2019-08-10 23:48:57,Stroud,77635.4,938878.7,2019.0,227,0,0
-1.437306,51.648908,2019-08-11 00:08:57,Stroud,76665.6,940082.5,1203.8,227,0,0
-1.452725,51.64804,2019-08-11 00:28:58,Stroud,75522,943456.0,3373.5,228,0,0
-1.455446,51.64996,2019-08-11 00:48:51,Stroud,75227,946543.5,3087.5,228,0,0
-1.495692,51.660078,2019-08-11 01:09:01,Stroud,72148.4,948524.6,1981.1,228,0,0
-1.502348,51.670514,2019-08-11 01:28:51,Stroud,70895,949674.2999999999,1149.7,228,0,0
-1.506119,51.678462,2019-08-11 01:48:57,Stroud,69954.6,950892.1,1217.8,228,0,0
-1.516556,51.679749,2019-08-11 02:08:56,Stroud,69045.1,952517.9,1625.8,229,0,0
-1.520201,51.685528,2019-08-11 02:28:52,Stroud,68306.2,954377.0,1859.1,229,0,0
-1.532545,51.69338,2019-08-11 02:48:57,Stroud,67001,957636.2,3259.2000000000003,229,0,0
-1.56795,51.699411,2019-08-11 03:09:00,Stroud,63755,959522.6,1886.3999999999999,229,0,0
-1.568157,51.699838,2019-08-11 03:28:55,Stroud,63698.4,961508.2999999999,1985.7,229,0,0
-1.591212,51.702395,2019-08-11 03:48:56,Stroud,61868.6,962686.7,1178.4,229,0,0
-1.591351,51.703794,2019-08-11 04:08:51,Stroud,61712.6,968920.7999999999,6234.1,230,0,0
-1.673803,51.689831,2019-08-11 04:29:09,Stroud,55601.2,970204.6,1283.8,231,0,0
-1.688751,51.693732,2019-08-11 04:48:51,Stroud,54466.2,972307.9,2103.3,232,0,0
-1.71737,51.690988,2019-08-11 05:09:01,Stroud,52381.3,973594.2000000001,1286.3,232,0,0
-1.722433,51.68968,2019-08-11 05:28:51,Stroud,52000.6,975813.2000000001,2219.0,232,0,0
-1.732693,51.686413,2019-08-11 05:48:51,Stroud,51094.9,977358.5000000001,1545.3,232,0,0
-1.74877,51.69209,2019-08-11 06:08:57,Stroud,49781.6,978877.1000000001,1518.6,233,0,0
-1.752857,51.69802,2019-08-11 06:28:51,Stroud,48935.3,980337.6000000001,1460.5,233,0,0
-1.767218,51.702732,2019-08-11 06:48:57,Stroud,47507.6,981531.0000000001,1193.3999999999999,234,0,0
-1.777564,51.703486,2019-08-11 07:08:51,Stroud,46716.5,982814.2000000001,1283.1999999999998,235,0,0
-1.78747,51.709554,2019-08-11 07:28:54,Stroud,45686.5,986353.7000000001,3539.5,235,0,0
-1.79402,51.710313,2019-08-11 07:48:52,Stroud,45126,991266.6000000001,4912.9,236,0,0
-1.852316,51.717204,2019-08-11 08:09:06,Stroud,40564.6,992554.4000000001,1287.8000000000002,237,0,0
-1.859404,51.716241,2019-08-11 08:28:51,Stroud,40049.4,993807.9000000001,1253.5,237,0,0
-1.868389,51.712477,2019-08-11 08:48:59,Stroud,39172.5,995091.2000000002,1283.3000000000002,238,0,0
-1.878548,51.708123,2019-08-11 09:08:51,Stroud,38269.1,997499.3000000002,2408.1,239,0,0
-1.905895,51.702677,2019-08-11 09:29:01,Stroud,35899.3,999277.6000000002,1778.3,240,0,0
-1.906361,51.70249,2019-08-11 09:48:51,Stroud,35861,1001385.4000000003,2107.8,240,0,0
-1.929882,51.704947,2019-08-11 10:09:01,Stroud,34121,1002527.2000000003,1141.8,240,0,0
-1.93669,51.703951,2019-08-11 10:28:59,Stroud,33590.1,1003534.7000000003,1007.5,240,0,0
-1.945297,51.703491,2019-08-11 10:48:51,Stroud,32958.9,1004756.9000000003,1222.2,241,0,0
-1.95889,51.707965,2019-08-11 11:08:57,Stroud,31860.3,1005840.1000000002,1083.2,241,0,0
-1.966516,51.714111,2019-08-11 11:28:57,Stroud,30929.5,1007103.2000000002,1263.1,242,0,0
-1.976504,51.718067,2019-08-11 11:48:52,Stroud,29942.9,1008294.5000000002,1191.3,242,0,0
-1.982524,51.718981,2019-08-11 12:08:57,Stroud,29497.2,1009840.3000000003,1545.8000000000002,242,0,0
-1.992735,51.719689,2019-08-11 12:28:51,Stroud,28751.6,1010974.0000000002,1133.7,242,0,0
-2.005072,51.721665,2019-08-11 12:48:58,Stroud,27837.6,1012262.3000000003,1288.3000000000002,242,0,0
-2.016039,51.721235,2019-08-11 13:08:52,Stroud,26942.4,1016480.1000000003,4217.8,242,0,0
-2.049472,51.722839,2019-08-11 13:29:01,Stroud,24401.7,1018407.9000000004,1927.8,242,0,0
-2.07369,51.724355,2019-08-11 13:48:57,Stroud,22724.6,1019937.4000000004,1529.5,243,0,0
-2.091333,51.725601,2019-08-11 14:09:01,Stroud,21488,1021629.2000000004,1691.8,243,0,0
-2.105586,51.721579,2019-08-11 14:28:51,Stroud,20350.9,1023922.0000000005,2292.7999999999997,244,0,0
-2.13328,51.716761,2019-08-11 14:49:10,Stroud,18282.8,1026688.5000000005,2766.5,244,0,0
-2.165598,51.709374,2019-08-11 15:09:24,Stroud,15618.4,1028244.2000000004,1555.7,244,0,0
-2.170452,51.706743,2019-08-11 15:28:51,Stroud,14969.2,1029555.8000000004,1311.6,244,0,0
-2.1859,51.704266,2019-08-11 15:49:05,Stroud,13736.7,1030935.9000000004,1380.1,245,0,0
-2.196233,51.703812,2019-08-11 16:08:51,Stroud,12953.1,1032384.7000000004,1448.8,245,0,0
-2.216455,51.702846,2019-08-11 16:28:59,Stroud,11545.1,1033521.2000000004,1136.5,245,0,0
-2.226945,51.703066,2019-08-11 16:48:59,Stroud,10577.3,1034521.9000000004,1000.7,246,0,0
-2.236299,51.700721,2019-08-11 17:08:51,Stroud,9670.4,1038534.9000000004,4013.0,246,0,0
-2.289902,51.704595,2019-08-11 17:29:37,Stroud,5741.8,1039724.6000000003,1189.7,247,0,0
-2.299064,51.702067,2019-08-11 17:48:51,Stroud,4851.6,1041304.2000000003,1579.6000000000001,247,0,0
-2.318814,51.701768,2019-08-11 18:09:02,Stroud,3333.7,1042432.9000000003,1128.6999999999998,248,0,0
-2.332857,51.700334,2019-08-11 18:29:02,Stroud,2324.1,1043853.5000000002,1420.6,249,0,0
-2.339531,51.697607,2019-08-11 18:48:58,Stroud,1721.9,1044901.6000000002,1048.1,250,0,0
-2.350978,51.69225,2019-08-11 19:08:53,Kent,304625.9,1045919.5000000002,1017.9,251,0,0
-2.348196,51.692743,2019-08-11 19:28:52,Kent,304426.4,1047221.1000000002,1301.6,252,0,0
-2.338901,51.697365,2019-08-11 19:48:52,Kent,303556.9,1048706.3000000003,1485.1999999999998,253,0,0
-2.320079,51.701739,2019-08-11 20:08:52,Kent,302099.9,1049709.5000000002,1003.2,254,0,0
-2.310261,51.700533,2019-08-11 20:28:52,Kent,301351.3,1050974.5000000002,1265.0,255,0,0
-2.29882,51.702678,2019-08-11 20:48:52,Kent,300397.5,1055605.0000000002,4630.5,255,0,0
-2.262233,51.701812,2019-08-11 21:08:52,Kent,297556.9,1057408.6000000003,1803.6,255,0,0
-2.237082,51.699939,2019-08-11 21:28:51,Kent,295767,1058820.4000000004,1411.8,255,0,0
-2.223891,51.703953,2019-08-11 21:50:27,Kent,294413,1060260.2000000004,1439.8,256,0,0
-2.206277,51.703198,2019-08-11 22:09:47,Kent,293074.3,1061411.1000000003,1150.9,257,0,0
-2.193336,51.704189,2019-08-11 22:29:45,Kent,292161.7,1063418.4000000004,2007.3000000000002,258,0,0
-2.170452,51.706743,2019-08-11 22:49:45,Kent,290360.7,1066279.6000000003,2861.2,259,0,0
-2.135754,51.714303,2019-08-11 23:09:48,Kent,287514.4,1067882.4000000004,1602.8,260,0,0
-2.1186,51.718452,2019-08-11 23:29:44,Kent,285996.8,1069209.4000000004,1327.0,260,0,0
-2.101825,51.72258,2019-08-11 23:49:45,Kent,284682.2,1075077.7000000004,5868.3,260,0,0
-2.049018,51.722813,2019-08-12 00:09:49,Kent,280896.7,1077586.9000000004,2509.2,261,0,0
-2.020025,51.718927,2019-08-12 00:29:54,Kent,278780.6,1078655.5000000005,1068.6,262,0,0
-2.016039,51.721235,2019-08-12 00:49:39,Kent,278387.5,1079664.5000000005,1009.0,262,0,0
-2.004918,51.721609,2019-08-12 01:09:39,Kent,277480,1081857.1000000006,2192.6,263,0,0
-1.97535,51.717951,2019-08-12 01:29:50,Kent,275305.6,1083274.7000000007,1417.6,263,0,0
-1.962481,51.710585,2019-08-12 01:49:45,Kent,273917.6,1084841.7000000007,1567.0,263,0,0
-1.945297,51.703491,2019-08-12 02:09:45,Kent,272371,1086004.0000000007,1162.3,263,0,0
-1.934351,51.704175,2019-08-12 02:29:39,Kent,271576.6,1088111.8000000007,2107.8,264,0,0
-1.929882,51.704947,2019-08-12 02:49:43,Kent,271208.9,1091337.7000000007,3225.9,265,0,0
-1.900088,51.70546,2019-08-12 03:09:43,Kent,268922.7,1092447.7000000007,1110.0,266,0,0
-1.888887,51.709867,2019-08-12 03:29:42,Kent,267983,1093882.0000000007,1434.3,267,0,0
-1.878548,51.708123,2019-08-12 03:49:39,Kent,267060.8,1094889.6000000008,1007.6000000000001,268,0,0
-1.868389,51.712477,2019-08-12 04:09:39,Kent,266157.4,1097864.0000000007,2974.3999999999996,268,0,0
-1.844438,51.719216,2019-08-12 04:29:52,Kent,264177.4,1102074.6000000008,4210.6,268,0,0
-1.791714,51.710158,2019-08-12 04:49:51,Kent,260023.6,1103082.5000000007,1007.9,269,0,0
-1.782386,51.705444,2019-08-12 05:09:39,Kent,259056,1104316.2000000007,1233.7,269,0,0
-1.767638,51.70287,2019-08-12 05:29:43,Kent,257855.1,1105776.7000000007,1460.5,269,0,0
-1.757992,51.701217,2019-08-12 05:49:39,Kent,257066.9,1107063.3000000007,1286.6,269,0,0
-1.752857,51.69802,2019-08-12 06:09:46,Kent,256394.6,1109222.9000000008,2159.6,269,0,0
-1.74877,51.69209,2019-08-12 06:29:41,Kent,255548.3,1111441.9000000008,2219.0,269,0,0
-1.732693,51.686413,2019-08-12 06:49:43,Kent,254235,1113623.000000001,2181.1000000000004,270,0,0
-1.704605,51.691926,2019-08-12 07:09:43,Kent,252061.3,1114630.500000001,1007.5,270,0,0
-1.691615,51.694081,2019-08-12 07:29:48,Kent,251072.4,1121063.100000001,6432.6,270,0,0
-1.610307,51.700038,2019-08-12 07:49:57,Kent,245026.1,1122472.000000001,1408.9,271,0,0
-1.605223,51.701397,2019-08-12 08:09:39,Kent,244639.7,1123650.4000000008,1178.4,272,0,0
-1.591351,51.703794,2019-08-12 08:29:45,Kent,243617.3,1125636.1000000008,1985.7,273,0,0
-1.591212,51.702395,2019-08-12 08:49:39,Kent,243461.3,1127509.4000000008,1873.3,273,0,0
-1.568157,51.699838,2019-08-12 09:09:48,Kent,241631.5,1129254.4000000008,1745.0,274,0,0
-1.565887,51.698506,2019-08-12 09:29:45,Kent,241400.6,1132326.200000001,3071.8,275,0,0
-1.53456,51.697984,2019-08-12 09:49:54,Kent,238882.7,1134615.9000000008,2289.7,276,0,0
-1.520201,51.685528,2019-08-12 10:09:47,Kent,237023.7,1136055.000000001,1439.1000000000001,277,0,0
-1.516556,51.679749,2019-08-12 10:29:39,Kent,236284.8,1137177.300000001,1122.3,278,0,0
-1.505241,51.676949,2019-08-12 10:50:27,Kent,235194.2,1139181.000000001,2003.7,279,0,0
-1.502348,51.670514,2019-08-12 11:10:00,Kent,234434.9,1140434.4000000008,1253.4,279,0,0
-1.495616,51.660144,2019-08-12 11:29:39,Kent,233190.5,1143521.9000000008,3087.5,279,0,0
-1.495692,51.660078,2019-08-12 11:49:40,Kent,233181.5,1146835.200000001,3313.3,279,0,0
-1.455446,51.64996,2019-08-12 12:11:14,Kent,230102.9,1148273.800000001,1438.6,279,0,0
-1.452009,51.647316,2019-08-12 12:29:39,Kent,229713.4,1149513.900000001,1240.1,279,0,0
-1.43568,51.648709,2019-08-12 12:49:46,Kent,228548.1,1151434.2000000011,1920.3,279,0,0
-1.430159,51.644166,2019-08-12 13:09:50,Kent,227676,1153001.2000000011,1567.0,279,0,0
-1.41965,51.637943,2019-08-12 13:29:43,Kent,226627.9,1154502.100000001,1500.9,280,0,0
-1.406045,51.636723,2019-08-12 13:50:18,Kent,225628.4,1155600.7000000011,1098.6,281,0,0
-1.395312,51.634579,2019-08-12 14:09:39,Kent,224562.9,1157458.400000001,1857.7,281,0,0
-1.393688,51.634237,2019-08-12 14:29:39,Kent,224435.1,1162926.400000001,5468.0,282,0,0
-1.321845,51.624798,2019-08-12 14:53:00,Kent,219083.2,1164204.5000000012,1278.1,283,0,0
-1.309501,51.622973,2019-08-12 15:10:06,Kent,218012.4,1165360.0000000012,1155.5,283,0,0
-1.297368,51.621265,2019-08-12 15:29:44,Kent,217080.9,1167543.900000001,2183.9,284,0,0
-1.278537,51.61873,2019-08-12 15:50:50,Kent,215652.4,1169062.2000000011,1518.3000000000002,284,0,0
-1.267869,51.61682,2019-08-12 16:10:22,Kent,214874.4,1170941.100000001,1878.9,285,0,0
-1.243535,51.610918,2019-08-12 16:29:59,Kent,213004.1,1171946.7000000011,1005.6,285,0,0
-1.232032,51.606951,2019-08-12 16:49:39,Kent,212055.6,1174525.2000000011,2578.5,285,0,0
-1.202801,51.594757,2019-08-12 17:10:22,Kent,209484.4,1176309.3000000012,1784.1,285,0,0
-1.183683,51.592784,2019-08-12 17:29:47,Kent,207771.2,1180131.2000000011,3821.9,285,0,0
-1.134872,51.60063,2019-08-12 17:50:40,Kent,204063.2,1181243.7000000011,1112.5,286,0,0
-1.120897,51.600847,2019-08-12 18:09:40,Kent,203017.9,1182839.7000000011,1596.0,286,0,0
-1.10995,51.597111,2019-08-12 18:29:45,Kent,202035.4,1187131.400000001,4291.7,287,0,0
-1.081605,51.566853,2019-08-12 18:50:01,Kent,197822,1188699.800000001,1568.4,287,0,0
-1.064792,51.560017,2019-08-12 19:09:50,Kent,196264.1,1190090.500000001,1390.7,287,0,0
-1.054994,51.554581,2019-08-12 19:29:39,Kent,195174.3,1191343.600000001,1253.1,288,0,0
-1.039563,51.551047,2019-08-12 19:50:53,Kent,193931,1192561.300000001,1217.7,288,0,0
-1.024351,51.549423,2019-08-12 20:12:22,Kent,192732.3,1193764.000000001,1202.7,289,0,0
-1.014648,51.550634,2019-08-12 20:29:41,Kent,191883.9,1194885.700000001,1121.6999999999998,290,0,0
-1.002256,51.552095,2019-08-12 20:50:38,Kent,190840.2,1196027.9000000008,1142.1999999999998,290,0,0
-0.991915,51.551158,2019-08-12 21:09:39,Kent,190026.8,1197691.6000000008,1663.7,290,0,0
-0.973827,51.54458,2019-08-12 21:29:51,Kent,188524.1,1199034.3000000007,1342.6999999999998,290,0,0
-0.956466,51.542225,2019-08-12 21:50:29,Kent,187191.1,1201813.0000000007,2778.7000000000003,290,0,0
-0.944991,51.537303,2019-08-12 22:09:39,Kent,186073,1204185.0000000007,2372.0,290,0,0
-0.921999,51.536481,2019-08-12 22:33:28,Kent,184412.3,1205422.0000000007,1237.0,290,0,0
-0.906662,51.537483,2019-08-12 22:52:48,Kent,183213.9,1206481.5000000007,1059.5,290,0,0
-0.897496,51.536957,2019-08-12 23:12:53,Kent,182495.3,1207498.2000000007,1016.7,291,0,0
-0.892678,51.537077,2019-08-12 23:32:48,Kent,182154.3,1208754.0000000007,1255.8000000000002,292,0,0
-0.884877,51.54043,2019-08-12 23:52:47,Kent,181445.2,1209904.1000000008,1150.1000000000001,292,0,0
-0.872939,51.540743,2019-08-13 00:12:55,Kent,180554.9,1212650.6000000008,2746.5,292,0,0
-0.849951,51.52445,2019-08-13 00:33:01,Kent,177935.6,1214111.9000000008,1461.3,292,0,0
-0.835663,51.524676,2019-08-13 00:52:47,Kent,176706.4,1215299.4000000008,1187.5,293,0,0
-0.825715,51.527029,2019-08-13 01:12:54,Kent,175872.4,1216965.000000001,1665.6,294,0,0
-0.80701,51.524234,2019-08-13 01:33:01,Kent,174231.6,1217979.200000001,1014.2,295,0,0
-0.79825,51.524817,2019-08-13 01:52:47,Kent,173588.4,1219319.200000001,1340.0,296,0,0
-0.790619,51.524339,2019-08-13 02:13:01,Kent,172954.6,1220573.500000001,1254.3000000000002,297,0,0
-0.774499,51.525873,2019-08-13 02:32:47,Kent,171727.5,1222055.200000001,1481.7,297,0,0
-0.757608,51.525919,2019-08-13 02:53:00,Kent,170368.8,1223840.200000001,1785.0,298,0,0
-0.733731,51.522592,2019-08-13 03:13:01,Kent,168594.6,1225211.000000001,1370.8,299,0,0
-0.718566,51.52296,2019-08-13 03:32:57,Kent,167244.5,1226284.100000001,1073.1,300,0,0
-0.703973,51.523843,2019-08-13 03:52:47,Kent,166184.2,1227318.7000000011,1034.6,301,0,0
-0.692561,51.523121,2019-08-13 04:12:57,Kent,165373.6,1229646.600000001,2327.9,301,0,0
-0.670192,51.532495,2019-08-13 04:33:01,Kent,163328.6,1230711.900000001,1065.3000000000002,301,0,0
-0.658123,51.532192,2019-08-13 04:53:00,Kent,162310.1,1231972.300000001,1260.4,301,0,0
-0.646182,51.524786,2019-08-13 05:12:47,Kent,161080.9,1234197.400000001,2225.1,301,0,0
-0.623647,51.521419,2019-08-13 05:33:09,Kent,159325.4,1235608.800000001,1411.4,301,0,0
-0.607196,51.518295,2019-08-13 05:52:57,Kent,157991.1,1236905.200000001,1296.4,302,0,0
-0.591427,51.518119,2019-08-13 06:12:58,Kent,156805.3,1238339.4000000008,1434.2,302,0,0
-0.590052,51.517438,2019-08-13 06:52:47,Kent,156624,1239631.8000000007,1292.4,302,0,0
-0.573759,51.512974,2019-08-13 07:12:47,Kent,155371.1,1243757.2000000007,4125.4,303,0,0
-0.520132,51.51073,2019-08-13 07:33:29,Kent,151533.9,1244929.3000000007,1172.1,303,0,0
-0.516102,51.511344,2019-08-13 07:52:47,Kent,151245.7,1247564.0000000007,2634.7,303,0,0
-0.482294,51.517126,2019-08-13 08:13:17,Kent,148803.1,1249254.3000000007,1690.3,303,0,0
-0.46734,51.509849,2019-08-13 08:32:47,Kent,147293.9,1252193.6000000008,2939.3,304,0,0
-0.429952,51.508505,2019-08-13 08:53:34,Kent,144626.8,1253996.5000000007,1802.8999999999999,305,0,0
-0.408231,51.500244,2019-08-13 09:13:07,Kent,142854.7,1259522.0000000007,5525.5,305,0,0
-0.338156,51.500762,2019-08-13 09:33:58,Kent,137351.8,1260655.7000000007,1133.7,306,0,0
-0.328331,51.498116,2019-08-13 09:53:04,Kent,136459.7,1262106.7000000007,1451.0,307,0,0
-0.315046,51.489429,2019-08-13 10:13:06,Kent,135019.9,1263290.5000000007,1183.8,308,0,0
-0.3019,51.491247,2019-08-13 10:33:17,Kent,133920.5,1264779.3000000007,1488.8000000000002,308,0,0
-0.283233,51.491752,2019-08-13 10:53:08,Kent,132454.1,1265887.5000000007,1108.2,308,0,0
-0.270146,51.488211,2019-08-13 11:12:47,Kent,131388.5,1267140.7000000007,1253.2,309,0,0
-0.252813,51.487418,2019-08-13 11:33:22,Kent,130142.4,1268447.8000000007,1307.1000000000001,309,0,0
-0.237732,51.491413,2019-08-13 11:53:15,Kent,128938.7,1269582.2000000007,1134.3999999999999,309,0,0
-0.223919,51.49296,2019-08-13 12:12:47,Kent,127893.7,1270817.7000000007,1235.5,310,0,0
-0.211362,51.495007,2019-08-13 12:33:08,Kent,126819.7,1271888.7000000007,1071.0,310,0,0
-0.198597,51.499046,2019-08-13 12:53:10,Kent,125758.1,1273248.1000000006,1359.4,310,0,0
-0.184689,51.503069,2019-08-13 13:13:18,Kent,124565.6,1275443.7000000007,2195.6,311,0,0
-0.155684,51.503275,2019-08-13 13:33:11,Kent,122462.1,1276466.5000000007,1022.8000000000002,312,0,0
-0.142566,51.50243,2019-08-13 13:54:47,Kent,121470,1277511.5000000007,1045.0,313,0,0
-0.129711,51.502328,2019-08-13 14:14:20,Kent,120434,1278605.5000000007,1094.0,313,0,0
-0.116842,51.50029,2019-08-13 14:32:47,Kent,119349.1,1279639.0000000007,1033.5,314,0,0
-0.104895,51.498623,2019-08-13 14:56:42,Kent,118324.4,1280900.3000000007,1261.3,314,0,0
-0.09032,51.494052,2019-08-13 15:14:09,Kent,117096.5,1282554.9000000008,1654.6,315,0,0
-0.073495,51.486704,2019-08-13 15:33:20,Kent,115520.8,1284339.000000001,1784.1,315,0,0
-0.053567,51.478349,2019-08-13 15:53:46,Kent,113810.2,1285359.500000001,1020.5,315,0,0
-0.042235,51.474445,2019-08-13 16:13:18,Kent,112820.8,1286478.800000001,1119.3000000000002,316,0,0
-0.029909,51.4712,2019-08-13 16:32:48,Kent,111707.1,1287515.200000001,1036.4,316,0,0
-0.019909,51.466107,2019-08-13 16:53:15,Kent,110763.9,1290214.9000000008,2699.7,316,0,0
0.009727,51.456646,2019-08-13 17:13:15,Kent,108192.2,1291937.3000000007,1722.4,316,0,0
0.029925,51.452921,2019-08-13 17:33:24,Kent,106718.8,1293053.2000000007,1115.9,316,0,0
0.043007,51.453441,2019-08-13 17:52:49,Kent,105747.6,1294145.0000000007,1091.8000000000002,316,0,0
0.057233,51.455631,2019-08-13 18:13:22,Kent,104659.3,1295658.8000000007,1513.8000000000002,317,0,0
0.077921,51.458047,2019-08-13 18:33:29,Kent,103150.5,1296917.8000000007,1259.0,317,0,0
0.094079,51.454655,2019-08-13 18:53:18,Kent,101901.4,1297919.3000000007,1001.5,317,0,0
0.103745,51.452409,2019-08-13 19:10:52,Kent,101170.1,1299183.4000000008,1264.1,318,0,0
0.119905,51.449597,2019-08-13 19:37:32,Kent,99988.2,1300423.1000000008,1239.6999999999998,319,0,0
0.128455,51.4486,2019-08-13 19:57:19,Kent,99037.3,1303746.5000000007,3323.3999999999996,320,0,0
0.170195,51.44238,2019-08-13 20:20:31,Kent,95735.9,1304856.8000000007,1110.3000000000002,321,0,0
0.181552,51.438823,2019-08-13 20:38:56,Kent,94832.1,1305882.9000000008,1026.1000000000001,322,0,0
0.190225,51.435987,2019-08-13 20:57:19,Kent,93875.6,1309224.4000000008,3341.5,322,0,0
0.23484,51.438005,2019-08-13 21:17:40,Kent,90566.5,1310661.000000001,1436.6,323,0,0
0.25336,51.438133,2019-08-13 21:37:42,Kent,89147.9,1312531.9000000008,1870.8999999999999,323,0,0
0.278797,51.434524,2019-08-13 21:57:38,Kent,87282,1315471.200000001,2939.2999999999997,323,0,0
0.298282,51.430814,2019-08-13 22:17:31,Kent,85855.7,1317021.800000001,1550.6,324,0,0
0.318453,51.431549,2019-08-13 22:37:32,Kent,84342.7,1318165.900000001,1144.1,325,0,0
0.325786,51.429162,2019-08-13 22:57:18,Kent,83657.7,1320117.900000001,1952.0,326,0,0
0.344915,51.422141,2019-08-13 23:17:38,Kent,82019.2,1322702.2000000011,2584.3,327,0,0
0.37506,51.411548,2019-08-13 23:37:39,Kent,79560.5,1326028.0000000012,3325.8,328,0,0
0.404911,51.403559,2019-08-13 23:57:28,Kent,77196.2,1327275.900000001,1247.9,328,0,0
0.417912,51.401376,2019-08-14 00:17:28,Kent,76234.5,1328353.800000001,1077.9,328,0,0
0.426372,51.401832,2019-08-14 00:37:19,Kent,75435.9,1331745.700000001,3391.9,328,0,0
0.460784,51.398651,2019-08-14 00:57:38,Kent,72575.1,1333251.300000001,1505.6,329,0,0
0.479045,51.397269,2019-08-14 01:17:34,Kent,71254.8,1334280.700000001,1029.4,329,0,0
0.492632,51.395927,2019-08-14 01:37:36,Kent,70254.8,1336050.700000001,1770.0,329,0,0
0.508974,51.385329,2019-08-14 01:57:40,Kent,68507.5,1337174.000000001,1123.3,330,0,0
0.523333,51.38341,2019-08-14 02:17:18,Kent,67419.8,1338589.4000000008,1415.4,331,0,0
0.538224,51.384571,2019-08-14 02:37:29,Kent,66187.1,1339693.1000000008,1103.7,332,0,0
0.552039,51.3819,2019-08-14 02:57:27,Kent,65104,1340905.200000001,1212.1000000000001,333,0,0
0.566143,51.381509,2019-08-14 03:17:18,Kent,63950.7,1342278.9000000008,1373.7,334,0,0
0.582463,51.378636,2019-08-14 03:37:25,Kent,62718,1343394.4000000008,1115.5,334,0,0
0.594595,51.373774,2019-08-14 03:57:22,Kent,61652.8,1344879.9000000008,1485.5,335,0,0
0.601236,51.372208,2019-08-14 04:17:18,Kent,60891.7,1346584.700000001,1704.8,336,0,0
0.615851,51.375153,2019-08-14 04:37:23,Kent,59586.9,1347610.9000000008,1026.2,337,0,0
0.627515,51.373162,2019-08-14 04:57:19,Kent,58699.8,1349340.000000001,1729.1,338,0,0
0.646404,51.37667,2019-08-14 05:17:25,Kent,57091.4,1351054.600000001,1714.6,339,0,0
0.666988,51.373592,2019-08-14 05:37:27,Kent,55424.3,1352405.400000001,1350.8,339,0,0
0.683927,51.375336,2019-08-14 05:57:33,Kent,54109.6,1353543.5000000012,1138.1,339,0,0
0.684345,51.375528,2019-08-14 06:17:19,Kent,54073.5,1354753.0000000012,1209.5,339,0,0
0.695694,51.368893,2019-08-14 06:37:29,Kent,52971.4,1356735.0000000012,1982.0,340,0,0
0.705592,51.364516,2019-08-14 06:57:33,Kent,51997.8,1358040.5000000012,1305.5,340,0,0
0.716792,51.358951,2019-08-14 07:17:18,Kent,50989.3,1359282.0000000012,1241.5,341,0,0
0.723933,51.352978,2019-08-14 07:37:26,Kent,49868.5,1360297.900000001,1015.9,342,0,0
0.729723,51.346859,2019-08-14 07:57:26,Kent,48869.2,1361363.100000001,1065.2,342,0,0
0.735156,51.34294,2019-08-14 08:17:50,Kent,48246.9,1362819.300000001,1456.2,343,0,0
0.751685,51.339865,2019-08-14 08:37:26,Kent,46871.8,1364631.400000001,1812.1000000000001,344,0,0
0.760243,51.340947,2019-08-14 08:57:19,Kent,46115.9,1365919.2000000011,1287.8,345,0,0
0.77524,51.339799,2019-08-14 09:17:25,Kent,45059.7,1368519.0000000012,2599.8,346,0,0
0.80534,51.333762,2019-08-14 09:37:24,Kent,42663.9,1370195.400000001,1676.4,347,0,0
0.816365,51.330909,2019-08-14 09:57:28,Kent,41816.5,1372028.300000001,1832.9,347,0,0
0.829425,51.326545,2019-08-14 10:17:24,Kent,40777.2,1374138.200000001,2109.9,348,0,0
0.838775,51.322898,2019-08-14 10:37:33,Kent,39983.6,1375697.000000001,1558.8,349,0,0
0.857775,51.321321,2019-08-14 10:58:31,Kent,38635,1376758.4000000008,1061.4,349,0,0
0.867221,51.322229,2019-08-14 11:17:18,Kent,37934,1377881.200000001,1122.8,350,0,0
0.878981,51.321077,2019-08-14 11:37:54,Kent,36969.7,1378959.4000000008,1078.2,350,0,0
0.887745,51.318,2019-08-14 11:57:18,Kent,36100,1380032.3000000007,1072.9,351,0,0
0.899386,51.317191,2019-08-14 12:17:18,Kent,35078.6,1381150.6000000008,1118.3,351,0,0
0.910422,51.314964,2019-08-14 12:39:59,Kent,34269.9,1383003.6000000008,1853.0,351,0,0
0.93364,51.316493,2019-08-14 13:00:16,Kent,32585.7,1384135.1000000008,1131.5,352,0,0
0.941594,51.321557,2019-08-14 13:17:20,Kent,31657.8,1385675.4000000008,1540.3,353,0,0
0.94432,51.32135,2019-08-14 13:37:18,Kent,31454.2,1387118.6000000008,1443.2,354,0,0
0.957618,51.315888,2019-08-14 13:58:09,Kent,30117.5,1388193.9000000008,1075.3,355,0,0
0.964886,51.313327,2019-08-14 14:17:18,Kent,29409.1,1389334.000000001,1140.1,355,0,0
0.974851,51.313353,2019-08-14 14:38:39,Kent,28569,1390575.000000001,1241,356,0,0
0.989338,51.310474,2019-08-14 14:59:53,Kent,27366.2,1391901.100000001,1326.1,357,0,0
0.996282,51.309106,2019-08-14 15:17:22,Kent,26786,1392985.500000001,1084.4,358,0,0
1.006873,51.309987,2019-08-14 15:37:18,Kent,26040.2,1394176.300000001,1190.8,359,0,0
1.01322,51.308299,2019-08-14 15:58:42,Kent,25278.8,1395188.300000001,1012.0,359,0,0
1.018856,51.307241,2019-08-14 16:17:18,Kent,24849.3,1396377.300000001,1189.0,360,0,0
1.029825,51.305917,2019-08-14 16:37:18,Kent,24020.8,1397487.800000001,1110.5,361,0,0
1.038124,51.299899,2019-08-14 16:58:02,Kent,23075.8,1398516.400000001,1028.6000000000001,361,0,0
1.05021,51.299139,2019-08-14 17:17:19,Kent,22178.9,1399847.5000000012,1331.1000000000001,361,0,0
1.066848,51.297603,2019-08-14 17:38:10,Kent,20852.9,1400917.400000001,1069.9,361,0,0
1.075478,51.293824,2019-08-14 17:57:18,Kent,19946.3,1402084.5000000012,1167.1,361,0,0
1.084676,51.285629,2019-08-14 18:21:22,Kent,18786.4,1403096.7000000011,1012.1999999999999,361,0,0
1.093274,51.282683,2019-08-14 18:37:18,Kent,17844.3,1404323.900000001,1227.1999999999998,361,0,0
1.108431,51.28386,2019-08-14 18:57:24,Kent,16645.3,1405426.900000001,1103.0,362,0,0
1.114951,51.283795,2019-08-14 19:17:18,Kent,16040.8,1406573.100000001,1146.2,362,0,0
1.126443,51.287539,2019-08-14 19:38:24,Kent,15048.3,1409108.100000001,2535.0,362,0,0
1.151174,51.27784,2019-08-14 20:00:34,Kent,12889.3,1410169.900000001,1061.8,362,0,0
1.162101,51.277158,2019-08-14 20:20:27,Kent,11830.8,1411194.400000001,1024.5,363,0,0
1.167374,51.276562,2019-08-14 20:40:36,Kent,11227.4,1412364.600000001,1170.2,363,0,0
1.180202,51.279991,2019-08-14 21:00:27,Kent,10129.4,1414976.300000001,2611.7,364,0,0
1.211768,51.27191,2019-08-14 21:21:29,Kent,7529.3,1417821.900000001,2845.6000000000004,364,0,0
1.220191,51.268931,2019-08-14 21:40:27,Kent,6776.6,1420423.5000000012,2601.6000000000004,364,0,0
1.24922,51.263986,2019-08-14 22:00:45,Kent,4574.8,1421701.1000000013,1277.6,364,0,0
1.26547,51.263559,2019-08-14 22:20:34,Kent,3330.1,1423051.4000000013,1350.3000000000002,365,0,0
1.265942,51.26357,2019-08-14 22:40:27,Kent,3297.3,1424626.8000000012,1575.4,365,0,0
1.284494,51.264896,2019-08-14 23:00:35,Kent,1979.8,1425800.5000000012,1173.7,365,0,0
1.29937,51.265555,2019-08-14 23:20:34,Kent,909.6,1426710.1000000013,909.6,366,0,0
1.307167,51.26121,2019-08-14 23:40:33,Sheffield,400240.9,1428690.0000000012,1979.8999999999999,367,0,0
1.288147,51.265291,2019-08-15 00:00:27,Sheffield,398519,1430265.400000001,1575.4,368,0,0
1.284494,51.264896,2019-08-15 00:20:28,Sheffield,398261,1432284.2000000011,2018.8000000000002,368,0,0
1.26547,51.263559,2019-08-15 00:40:27,Sheffield,396910.8,1433637.900000001,1353.7,368,0,0
1.24922,51.263986,2019-08-15 01:00:27,Sheffield,395666.1,1435839.7000000011,2201.8,369,0,0
1.247724,51.264276,2019-08-15 01:20:27,Sheffield,395557.1,1438200.400000001,2360.7000000000003,370,0,0
1.21755,51.270167,2019-08-15 01:40:27,Sheffield,393229.2,1440411.600000001,2211.2000000000003,370,0,0
1.190975,51.279625,2019-08-15 02:00:28,Sheffield,391022,1441565.2000000011,1153.6,371,0,0
1.180202,51.279991,2019-08-15 02:20:27,Sheffield,390111.5,1442663.2000000011,1098.0,371,0,0
1.172461,51.278187,2019-08-15 02:40:27,Sheffield,389434.5,1443684.400000001,1021.1999999999998,372,0,0
1.162689,51.276774,2019-08-15 03:00:27,Sheffield,388470.2,1446517.0000000012,2832.6,373,0,0
1.135416,51.284212,2019-08-15 03:20:28,Sheffield,385964.5,1447572.0000000012,1055.0,373,0,0
1.124238,51.286935,2019-08-15 03:40:27,Sheffield,385020.6,1448630.2000000011,1058.2,373,0,0
1.114951,51.283795,2019-08-15 04:00:40,Sheffield,384200.1,1449833.5000000012,1203.3,374,0,0
1.102179,51.282226,2019-08-15 04:20:27,Sheffield,383093.3,1450923.0000000012,1089.5,375,0,0
1.089901,51.283038,2019-08-15 04:40:37,Sheffield,382063.9,1452230.400000001,1307.4,375,0,0
1.080094,51.288659,2019-08-15 05:00:27,Sheffield,380980.3,1453239.2000000011,1008.8,376,0,0
1.074356,51.295471,2019-08-15 05:20:39,Sheffield,380093.4,1454926.600000001,1687.4,376,0,0
1.053871,51.298344,2019-08-15 05:40:32,Sheffield,378432.2,1456454.000000001,1527.4,377,0,0
1.036938,51.301205,2019-08-15 06:00:27,Sheffield,376995,1457475.000000001,1021.0,378,0,0
1.028099,51.306955,2019-08-15 06:20:40,Sheffield,376052.3,1458565.200000001,1090.2,379,0,0
1.018856,51.307241,2019-08-15 06:40:27,Sheffield,375391.6,1459756.000000001,1190.8000000000002,380,0,0
1.010829,51.311699,2019-08-15 07:00:27,Sheffield,374539.3,1460871.000000001,1115.0,381,0,0
0.996282,51.309106,2019-08-15 07:20:35,Sheffield,373454.9,1462354.100000001,1483.1,382,0,0
0.979878,51.310692,2019-08-15 07:40:34,Sheffield,372193.9,1463716.100000001,1362.0,382,0,0
0.968964,51.311255,2019-08-15 08:00:27,Sheffield,371198.7,1464791.400000001,1075.3,382,0,0
0.958413,51.315087,2019-08-15 08:20:35,Sheffield,370229.8,1466438.2000000011,1646.8,382,0,0
0.94432,51.32135,2019-08-15 08:40:37,Sheffield,368786.7,1467569.7000000011,1131.5,382,0,0
0.935853,51.31603,2019-08-15 09:00:28,Sheffield,367824,1469113.100000001,1543.4,382,0,0
0.9251,51.315155,2019-08-15 09:20:27,Sheffield,367015.8,1470966.600000001,1853.5,383,0,0
0.900084,51.317031,2019-08-15 09:40:41,Sheffield,365213.9,1472059.300000001,1092.7,384,0,0
0.887745,51.318,2019-08-15 10:00:27,Sheffield,364140.9,1473067.100000001,1007.8,384,0,0
0.878202,51.321441,2019-08-15 10:20:33,Sheffield,363201,1474452.000000001,1384.9,384,0,0
0.866401,51.32215,2019-08-15 10:40:27,Sheffield,362249.1,1476443.800000001,1991.8,385,0,0
0.857313,51.321352,2019-08-15 11:00:27,Sheffield,361573.6,1479989.400000001,3545.6000000000004,386,0,0
0.811352,51.331903,2019-08-15 11:20:53,Sheffield,358044.2,1482460.400000001,2471.0,387,0,0
0.798858,51.335497,2019-08-15 11:40:27,Sheffield,357086.7,1484134.300000001,1673.9,388,0,0
0.77827,51.3379,2019-08-15 12:01:02,Sheffield,355573.2,1485582.500000001,1448.2,389,0,0
0.77524,51.339799,2019-08-15 12:20:27,Sheffield,355181.2,1487144.4000000008,1561.9,389,0,0
0.754379,51.341304,2019-08-15 12:40:37,Sheffield,353714.6,1488991.6000000008,1847.1999999999998,390,0,0
0.734178,51.343701,2019-08-15 13:00:38,Sheffield,351879.7,1490173.4000000008,1181.8,391,0,0
0.728123,51.351687,2019-08-15 13:20:37,Sheffield,350704.3,1491293.200000001,1119.8,391,0,0
0.718746,51.354504,2019-08-15 13:44:17,Sheffield,349973.5,1493889.700000001,2596.5,392,0,0
0.705592,51.364516,2019-08-15 14:11:03,Sheffield,348243.1,1495965.4000000008,2075.7,392,0,0
0.695694,51.368893,2019-08-15 14:28:03,Sheffield,347269.5,1498370.8000000007,2405.3999999999996,393,0,0
0.66793,51.373727,2019-08-15 14:48:14,Sheffield,344885.1,1499923.9000000008,1553.1,394,0,0
0.649485,51.376396,2019-08-15 15:08:04,Sheffield,343391.5,1501315.200000001,1391.3,394,0,0
0.635946,51.376264,2019-08-15 15:28:19,Sheffield,342387.1,1502455.000000001,1139.8,394,0,0
0.625517,51.373546,2019-08-15 15:47:53,Sheffield,341390.8,1503772.200000001,1317.1999999999998,394,0,0
0.613168,51.376011,2019-08-15 16:08:08,Sheffield,340444.2,1504937.1000000008,1164.9,394,0,0
0.608111,51.377078,2019-08-15 16:27:51,Sheffield,340073.6,1505953.5000000007,1016.3999999999999,395,0,0
0.599977,51.371268,2019-08-15 16:47:59,Sheffield,339122.4,1507159.0000000007,1205.5,395,0,0
0.586832,51.375987,2019-08-15 17:08:37,Sheffield,337969.5,1508362.1000000008,1203.1000000000001,395,0,0
0.573218,51.380484,2019-08-15 17:27:51,Sheffield,336821.9,1509459.9000000008,1097.8000000000002,395,0,0
0.562144,51.382599,2019-08-15 17:48:08,Sheffield,335987.2,1510595.700000001,1135.8,396,0,0
0.550444,51.382359,2019-08-15 18:07:52,Sheffield,334999.5,1512280.300000001,1684.6,397,0,0
0.528195,51.384528,2019-08-15 18:28:11,Sheffield,333332.2,1513441.900000001,1161.6,398,0,0
0.514261,51.383433,2019-08-15 18:48:05,Sheffield,332175.4,1514712.100000001,1270.2,399,0,0
0.502628,51.390918,2019-08-15 19:08:23,Sheffield,330955.5,1515747.300000001,1035.2,399,0,0
0.492632,51.395927,2019-08-15 19:27:52,Sheffield,329986.1,1518390.500000001,2643.2,399,0,0
0.456223,51.398769,2019-08-15 19:48:10,Sheffield,327365,1520532.500000001,2142.0,400,0,0
0.453406,51.405608,2019-08-15 20:08:48,Sheffield,326514.7,1522211.100000001,1678.6,400,0,0
0.435169,51.406725,2019-08-15 20:28:05,Sheffield,324922.2,1523307.7000000011,1096.6000000000001,401,0,0
0.430534,51.414057,2019-08-15 20:47:59,Sheffield,323932,1526041.2000000011,2733.5,401,0,0
0.415097,51.42226,2019-08-15 21:08:49,Sheffield,322436.4,1527300.400000001,1259.2,402,0,0
0.402281,51.429435,2019-08-15 21:28:47,Sheffield,321198.5,1528547.0000000012,1246.6,403,0,0
0.389379,51.434867,2019-08-15 21:49:50,Sheffield,320004.6,1529576.6000000013,1029.6000000000001,404,0,0
0.382639,51.440649,2019-08-15 22:08:09,Sheffield,319080.2,1530625.2000000014,1048.6,405,0,0
0.371074,51.444673,2019-08-15 22:28:06,Sheffield,318040.1,1531676.3000000014,1051.1000000000001,406,0,0
0.365463,51.451922,2019-08-15 22:47:51,Sheffield,316992.3,1533099.6000000015,1423.3,406,0,0
0.370175,51.455652,2019-08-15 23:08:13,Sheffield,316384.6,1534259.5000000014,1159.9,407,0,0
0.369606,51.461425,2019-08-15 23:27:52,Sheffield,315328.5,1535833.5000000014,1574.0,407,0,0
0.367307,51.471176,2019-08-15 23:48:01,Sheffield,314148.7,1537297.4000000013,1463.9,407,0,0
0.366604,51.477035,2019-08-16 00:07:52,Sheffield,313436.2,1538460.1000000013,1162.7,408,0,0
0.358675,51.482081,2019-08-16 00:27:58,Sheffield,312632.2,1539784.9000000013,1324.8,409,0,0
0.345005,51.48802,2019-08-16 00:48:01,Sheffield,311464.4,1541513.8000000012,1728.9,409,0,0
0.325966,51.491218,2019-08-16 01:08:04,Sheffield,309894.8,1543257.2000000011,1743.3999999999999,410,0,0
0.314588,51.494994,2019-08-16 01:27:51,Sheffield,308887.6,1544497.100000001,1239.8999999999999,410,0,0
0.30404,51.496076,2019-08-16 01:48:06,Sheffield,307848,1545629.300000001,1132.2,411,0,0
0.296385,51.499524,2019-08-16 02:07:51,Sheffield,307078.8,1546648.200000001,1018.9000000000001,411,0,0
0.286675,51.502949,2019-08-16 02:27:51,Sheffield,306123.7,1547688.800000001,1040.6000000000001,411,0,0
0.276336,51.506864,2019-08-16 02:48:01,Sheffield,305134.2,1548843.600000001,1154.8000000000002,411,0,0
0.266934,51.506567,2019-08-16 03:07:51,Sheffield,304457.9,1549897.7000000011,1054.1,411,0,0
0.265009,51.513087,2019-08-16 03:27:57,Sheffield,303610.8,1551021.0000000012,1123.3000000000002,411,0,0
0.257953,51.518458,2019-08-16 03:48:05,Sheffield,302625,1552372.900000001,1351.9,411,0,0
0.244712,51.521566,2019-08-16 04:07:51,Sheffield,301432.9,1554019.2000000011,1646.3,412,0,0
0.230859,51.52501,2019-08-16 04:28:17,Sheffield,300132.8,1555440.8000000012,1421.6,412,0,0
0.2259,51.524615,2019-08-16 04:47:51,Sheffield,299786.5,1556677.8000000012,1237.0,412,0,0
0.224139,51.533014,2019-08-16 05:07:51,Sheffield,298711.2,1558325.9000000013,1648.1,413,0,0
0.208843,51.542189,2019-08-16 05:28:13,Sheffield,297079.7,1559417.7000000014,1091.8000000000002,414,0,0
0.200898,51.546593,2019-08-16 05:47:51,Sheffield,296195,1560527.5000000014,1109.8,414,0,0
0.198046,51.555677,2019-08-16 06:08:03,Sheffield,295105.8,1561727.4000000013,1199.9,414,0,0
0.195593,51.561797,2019-08-16 06:28:04,Sheffield,294279.5,1563010.3000000012,1282.9,414,0,0
0.192186,51.568715,2019-08-16 06:48:04,Sheffield,293389.5,1564164.1000000013,1153.8,415,0,0
0.186652,51.577402,2019-08-16 07:08:07,Sheffield,292309.8,1565510.2000000014,1346.1,415,0,0
0.186113,51.586174,2019-08-16 07:27:51,Sheffield,291039.2,1567014.0000000014,1503.8,415,0,0
0.175776,51.595875,2019-08-16 07:48:09,Sheffield,289635.6,1568323.8000000014,1309.8,415,0,0
0.166786,51.60277,2019-08-16 08:07:52,Sheffield,288429.2,1569974.0000000014,1650.1999999999998,416,0,0
0.159236,51.613114,2019-08-16 08:27:59,Sheffield,286909,1572179.8000000014,2205.8,416,0,0
0.138351,51.622697,2019-08-16 08:48:11,Sheffield,284799.8,1573440.5000000014,1260.7,416,0,0
0.129779,51.624638,2019-08-16 09:08:06,Sheffield,284067.5,1576751.8000000014,3311.3,417,0,0
0.118018,51.650202,2019-08-16 09:28:08,Sheffield,280772.8,1579161.3000000014,2409.5,417,0,0
0.110807,51.668485,2019-08-16 09:48:03,Sheffield,278598.6,1580827.7000000014,1666.4,417,0,0
0.103462,51.676039,2019-08-16 10:08:12,Sheffield,277241.3,1581831.5000000014,1003.8,418,0,0
0.099741,51.683187,2019-08-16 10:27:51,Sheffield,276357.8,1582838.8000000014,1007.3000000000001,419,0,0
0.096931,51.690356,2019-08-16 10:48:01,Sheffield,275380.7,1585412.0000000014,2573.2000000000003,420,0,0
0.098619,51.696749,2019-08-16 11:07:51,Sheffield,274440.3,1587081.0000000014,1669.0,420,0,0
0.09417,51.710054,2019-08-16 11:28:11,Sheffield,272807.6,1588378.1000000015,1297.1,421,0,0
0.091107,51.714349,2019-08-16 11:48:06,Sheffield,272282.3,1590037.1000000015,1659.0,421,0,0
0.088328,51.721637,2019-08-16 12:07:51,Sheffield,271314.3,1591186.7000000016,1149.6,421,0,0
0.081557,51.725688,2019-08-16 12:28:04,Sheffield,270623.3,1592809.5000000016,1622.8,421,0,0
0.067432,51.735061,2019-08-16 12:49:00,Sheffield,269075.9,1593862.2000000016,1052.7,421,0,0
0.063879,51.736147,2019-08-16 13:08:17,Sheffield,268796.5,1595557.8000000017,1695.6,422,0,0
0.047378,51.741488,2019-08-16 13:30:04,Sheffield,267315.7,1596656.0000000016,1098.2,423,0,0
0.048569,51.74805,2019-08-16 13:47:53,Sheffield,266552.4,1597656.8000000017,1000.8,424,0,0
0.046098,51.750519,2019-08-16 14:07:51,Sheffield,266217.6,1599070.6000000017,1413.8000000000002,425,0,0
0.048069,51.75619,2019-08-16 14:22:04,Sheffield,265476,1600603.2000000018,1532.6,426,0,0
0.044246,51.765219,2019-08-16 14:44:22,Sheffield,264209.9,1601685.0000000019,1081.8000000000002,427,0,0
0.039171,51.773177,2019-08-16 15:04:48,Sheffield,263199.4,1602989.100000002,1304.1,428,0,0
0.034861,51.776916,2019-08-16 15:24:22,Sheffield,262633.6,1604774.300000002,1785.2,429,0,0
0.014222,51.785406,2019-08-16 15:46:09,Sheffield,260881.8,1605832.800000002,1058.5,430,0,0
0.007734,51.79216,2019-08-16 16:04:23,Sheffield,259885.3,1608366.100000002,2533.3,430,0,0
0.006372,51.811036,2019-08-16 16:25:24,Sheffield,257431,1609498.0000000019,1131.8999999999999,430,0,0
0.003717,51.818152,2019-08-16 16:44:22,Sheffield,256529.4,1611626.300000002,2128.3,431,0,0
-0.003933,51.831744,2019-08-16 17:06:03,Sheffield,254731.7,1613188.0000000019,1561.6999999999998,431,0,0
-0.009203,51.840344,2019-08-16 17:24:38,Sheffield,253510.4,1614654.800000002,1466.8,431,0,0
-0.019847,51.848059,2019-08-16 17:44:22,Sheffield,252272.1,1616486.5000000019,1831.7,431,0,0
-0.023963,51.855103,2019-08-16 18:04:36,Sheffield,251322.9,1619545.5000000019,3059.0,431,0,0
-0.048074,51.872729,2019-08-16 18:25:58,Sheffield,248439.1,1620604.2000000018,1058.7,432,0,0
-0.055924,51.878747,2019-08-16 18:44:34,Sheffield,247521.9,1621952.4000000018,1348.2,433,0,0
-0.056453,51.889722,2019-08-16 19:04:22,Sheffield,246208.5,1623366.9000000018,1414.5,434,0,0
-0.062816,51.893437,2019-08-16 19:24:27,Sheffield,245565.1,1625437.4000000018,2070.5,435,0,0
-0.06884,51.907135,2019-08-16 19:44:30,Sheffield,243636.1,1626448.2000000018,1010.8,436,0,0
-0.075866,51.912251,2019-08-16 20:04:22,Sheffield,242704,1627551.5000000019,1103.3,437,0,0
-0.076097,51.913603,2019-08-16 20:24:22,Sheffield,242518,1629497.100000002,1945.6,437,0,0
-0.083967,51.920155,2019-08-16 20:44:29,Sheffield,241480.4,1632148.200000002,2651.1,437,0,0
-0.102875,51.928138,2019-08-16 21:04:34,Sheffield,239759,1633564.3000000021,1416.1,437,0,0
-0.112774,51.938119,2019-08-16 21:24:36,Sheffield,238402.8,1638309.500000002,4745.2,438,0,0
-0.154387,51.967763,2019-08-16 21:44:48,Sheffield,233705.5,1640568.700000002,2259.2,439,0,0
-0.174255,51.980999,2019-08-16 22:04:29,Sheffield,231570.9,1642080.400000002,1511.6999999999998,439,0,0
-0.187472,51.988632,2019-08-16 22:24:39,Sheffield,230179,1643142.800000002,1062.4,439,0,0
-0.193691,51.99452,2019-08-16 22:44:22,Sheffield,229260.3,1644178.0000000019,1035.2,439,0,0
-0.196796,52.000403,2019-08-16 23:04:26,Sheffield,228438,1646088.600000002,1910.6000000000001,439,0,0
-0.213237,52.006435,2019-08-16 23:24:27,Sheffield,227066.1,1647176.600000002,1088.0,440,0,0
-0.222921,52.012707,2019-08-16 23:44:35,Sheffield,226012.5,1648189.100000002,1012.5,440,0,0
-0.223991,52.01997,2019-08-17 00:04:22,Sheffield,225016.9,1649589.300000002,1400.1999999999998,440,0,0
-0.228615,52.026118,2019-08-17 00:24:26,Sheffield,224254.7,1652019.2000000018,2429.9,441,0,0
-0.237183,52.036403,2019-08-17 00:44:22,Sheffield,222906.8,1653342.4000000018,1323.1999999999998,442,0,0
-0.24091,52.0452,2019-08-17 01:04:26,Sheffield,221824.7,1655303.2000000018,1960.8000000000002,443,0,0
-0.238744,52.047428,2019-08-17 01:24:22,Sheffield,221326.8,1658360.300000002,3057.1000000000004,444,0,0
-0.254198,52.067405,2019-08-17 01:44:40,Sheffield,218476.7,1659716.300000002,1356.0,444,0,0
-0.258825,52.077308,2019-08-17 02:04:22,Sheffield,217164.1,1660912.2000000018,1195.9,444,0,0
-0.262949,52.085869,2019-08-17 02:24:29,Sheffield,215970.2,1661919.7000000018,1007.5,444,0,0
-0.268021,52.091806,2019-08-17 02:44:29,Sheffield,215048.8,1663126.9000000018,1207.2,444,0,0
-0.279525,52.096489,2019-08-17 03:04:29,Sheffield,213954.7,1664589.5000000019,1462.6,445,0,0
-0.295281,52.09948,2019-08-17 03:24:26,Sheffield,212556.6,1665802.5000000019,1213.0,445,0,0
-0.295161,52.104895,2019-08-17 03:44:22,Sheffield,211786.7,1667591.7000000018,1789.1999999999998,446,0,0
-0.305096,52.111506,2019-08-17 04:04:29,Sheffield,210533.9,1669621.0000000019,2029.3,447,0,0
-0.311294,52.117293,2019-08-17 04:24:23,Sheffield,209555.3,1671002.2000000018,1381.2,448,0,0
-0.316409,52.126177,2019-08-17 04:44:28,Sheffield,208504.6,1672643.4000000018,1641.2,449,0,0
-0.320792,52.127306,2019-08-17 05:04:22,Sheffield,208174.2,1674615.5000000019,1972.1,450,0,0
-0.321989,52.139121,2019-08-17 05:24:27,Sheffield,206650.7,1676717.2000000018,2101.7,451,0,0
-0.337632,52.1428,2019-08-17 05:44:28,Sheffield,205297.7,1677779.2000000018,1062.0,451,0,0
-0.342064,52.150071,2019-08-17 06:04:27,Sheffield,204418.5,1679099.4000000018,1320.2,451,0,0
-0.352155,52.157928,2019-08-17 06:24:29,Sheffield,203171.5,1680553.8000000017,1454.3999999999999,451,0,0
-0.361499,52.160033,2019-08-17 06:44:22,Sheffield,202451.9,1684014.2000000016,3460.3999999999996,451,0,0
-0.370301,52.16341,2019-08-17 07:04:26,Sheffield,201717.1,1686788.2000000016,2774.0,451,0,0
-0.388975,52.184285,2019-08-17 07:24:30,Sheffield,198991.4,1689416.9000000015,2628.7,452,0,0
-0.392835,52.191538,2019-08-17 07:44:24,Sheffield,198042.3,1691506.4000000015,2089.5,452,0,0
-0.38365,52.205065,2019-08-17 08:04:26,Sheffield,196362.7,1692883.7000000016,1377.3,453,0,0
-0.395649,52.208723,2019-08-17 08:24:24,Sheffield,195385.2,1694111.3000000017,1227.6,454,0,0
-0.405543,52.211719,2019-08-17 08:44:22,Sheffield,194611.7,1696547.0000000016,2435.7,454,0,0
-0.410293,52.225917,2019-08-17 09:04:27,Sheffield,192592.4,1698433.9000000015,1886.9,454,0,0
-0.405856,52.240247,2019-08-17 09:24:25,Sheffield,190840.3,1700133.4000000015,1699.5,455,0,0
-0.424937,52.248828,2019-08-17 09:44:30,Sheffield,189151.4,1701419.1000000015,1285.7,456,0,0
-0.425045,52.2562,2019-08-17 10:04:28,Sheffield,188251.8,1703305.6000000015,1886.5,457,0,0
-0.424197,52.263215,2019-08-17 10:24:22,Sheffield,187422.7,1704815.7000000016,1510.1,458,0,0
-0.421382,52.273467,2019-08-17 10:44:26,Sheffield,186206.1,1706553.4000000015,1737.7,458,0,0
-0.424647,52.27707,2019-08-17 11:04:24,Sheffield,185707.9,1708102.4000000015,1549.0,459,0,0
-0.440175,52.280849,2019-08-17 11:24:27,Sheffield,184468.4,1709981.6000000015,1879.2,459,0,0
-0.444287,52.281516,2019-08-17 11:44:22,Sheffield,184158.8,1711582.4000000015,1600.8,460,0,0
-0.433649,52.293053,2019-08-17 12:04:29,Sheffield,182589.2,1713699.9000000015,2117.5,461,0,0
-0.433751,52.296617,2019-08-17 12:24:26,Sheffield,182138.7,1715531.6000000015,1831.6999999999998,461,0,0
-0.42376,52.309784,2019-08-17 12:44:24,Sheffield,180471.7,1716590.5000000014,1058.8999999999999,462,0,0
-0.4257,52.314692,2019-08-17 13:04:22,Sheffield,179797.9,1717637.5000000014,1047.0,462,0,0
-0.42502,52.318102,2019-08-17 13:24:22,Sheffield,179412.7,1720320.3000000014,2682.8,463,0,0
-0.439562,52.33845,2019-08-17 13:44:31,Sheffield,176753.7,1722671.9000000015,2351.6000000000004,463,0,0
-0.439841,52.338413,2019-08-17 14:04:22,Sheffield,176729.9,1726685.8000000014,4013.9,464,0,0
-0.461638,52.354351,2019-08-17 14:24:25,Sheffield,174402.1,1728477.9000000015,1792.1,464,0,0
-0.453623,52.368076,2019-08-17 14:35:11,Sheffield,172716,1729703.6000000015,1225.7,464,0,0
-0.456827,52.375822,2019-08-17 14:56:27,Sheffield,171497.8,1734201.7000000016,4498.099999999999,465,0,0
-0.481318,52.397646,2019-08-17 15:16:31,Sheffield,167574.8,1735825.5000000016,1623.8000000000002,465,0,0
-0.498386,52.406288,2019-08-17 15:36:34,Sheffield,166010.3,1737451.3000000017,1625.8000000000002,466,0,0
-0.51267,52.413759,2019-08-17 15:56:28,Sheffield,164614.6,1738577.8000000017,1126.5,466,0,0
-0.519478,52.419722,2019-08-17 16:16:30,Sheffield,163650.1,1741652.1000000017,3074.3,467,0,0
-0.517903,52.44401,2019-08-17 16:36:32,Sheffield,160707.3,1742806.7000000018,1154.6,468,0,0
-0.51669,52.444931,2019-08-18 14:39:20,Sheffield,160575.7,1745832.1000000017,3025.4,469,0,0
-0.534736,52.465263,2019-08-18 15:00:56,Sheffield,157655.9,1747046.9000000018,1214.8000000000002,469,0,0
-0.527786,52.4685,2019-08-18 15:20:47,Sheffield,156978.3,1748125.6000000017,1078.7,470,0,0
-0.531309,52.472822,2019-08-18 15:40:49,Sheffield,156441.2,1749457.3000000017,1331.7,470,0,0
-0.534885,52.478824,2019-08-18 16:00:46,Sheffield,155328,1751859.3000000017,2402.0,471,0,0
-0.557923,52.492126,2019-08-18 16:20:56,Sheffield,153014.6,1752992.6000000017,1133.3,471,0,0
-0.559457,52.49369,2019-08-18 16:40:46,Sheffield,152736.8,1755632.9000000018,2640.3,472,0,0
-0.574241,52.508545,2019-08-18 17:00:55,Sheffield,150604.9,1757128.2000000018,1495.3,473,0,0
-0.584335,52.512356,2019-08-18 17:20:50,Sheffield,149681.7,1759107.4000000018,1979.1999999999998,474,0,0
-0.599221,52.518747,2019-08-18 17:40:56,Sheffield,148244.5,1763852.5000000019,4745.1,474,0,0
-0.618816,52.550749,2019-08-18 18:01:03,Sheffield,143634.1,1765289.0000000019,1436.5,475,0,0
-0.631963,52.557586,2019-08-18 18:20:46,Sheffield,142242.7,1766393.0000000019,1104.0,475,0,0
-0.632594,52.55772,2019-08-18 18:40:45,Sheffield,142197.5,1767812.0000000019,1419.0,476,0,0
-0.645086,52.563181,2019-08-18 19:00:56,Sheffield,141138.7,1769058.2000000018,1246.2,476,0,0
-0.656024,52.570759,2019-08-18 19:20:45,Sheffield,139917,1771158.4000000018,2100.2000000000003,477,0,0
-0.664887,52.57517,2019-08-18 19:40:49,Sheffield,139076.2,1773517.5000000019,2359.1000000000004,478,0,0
-0.672252,52.585205,2019-08-18 20:00:50,Sheffield,137816.8,1775705.300000002,2187.8,479,0,0
-0.679247,52.596544,2019-08-18 20:20:52,Sheffield,136449.9,1778035.800000002,2330.5,480,0,0
-0.68958,52.610692,2019-08-18 20:40:54,Sheffield,134563.4,1779615.300000002,1579.5,481,0,0
-0.691977,52.615319,2019-08-18 21:00:45,Sheffield,133946.6,1781532.100000002,1916.8000000000002,482,0,0
-0.702527,52.63017,2019-08-18 21:20:57,Sheffield,132117.4,1784907.700000002,3375.6,483,0,0
-0.720743,52.633992,2019-08-18 21:40:48,Sheffield,130638.7,1787519.200000002,2611.5,484,0,0
-0.747173,52.64288,2019-08-18 22:00:56,Sheffield,128480.3,1789628.900000002,2109.7,484,0,0
-0.757268,52.647222,2019-08-18 22:20:52,Sheffield,127422.5,1790694.500000002,1065.6000000000001,485,0,0
-0.770076,52.650284,2019-08-18 22:40:49,Sheffield,126370.6,1794675.000000002,3980.5,486,0,0
-0.780368,52.65289,2019-08-18 23:00:45,Sheffield,125495.8,1797816.400000002,3141.3999999999996,487,0,0
-0.815206,52.669153,2019-08-18 23:20:59,Sheffield,122390.1,1799143.500000002,1327.1000000000001,488,0,0
-0.816845,52.670726,2019-08-18 23:40:49,Sheffield,122143.3,1800455.200000002,1311.7,489,0,0
-0.828134,52.676456,2019-08-19 00:00:45,Sheffield,121063,1801530.500000002,1075.3,489,0,0
-0.830085,52.678136,2019-08-19 00:20:44,Sheffield,120831.7,1803044.900000002,1514.4,490,0,0
-0.837371,52.685476,2019-08-19 00:40:51,Sheffield,119850.8,1807352.700000002,4307.8,490,0,0
-0.852259,52.71185,2019-08-19 01:00:52,Sheffield,115992.2,1810149.000000002,2796.3,491,0,0
-0.852631,52.719939,2019-08-19 01:20:45,Sheffield,115054.9,1813680.000000002,3531,492,0,0
-0.881903,52.730261,2019-08-19 01:40:57,Sheffield,111998.8,1816787.200000002,3107.2000000000003,492,0,0
-0.885539,52.756966,2019-08-19 02:01:01,Sheffield,108901.9,1817843.3000000021,1056.1,492,0,0
-0.887246,52.764761,2019-08-19 02:20:49,Sheffield,107861.4,1819062.500000002,1219.2,493,0,0
-0.886558,52.775173,2019-08-19 02:40:45,Sheffield,106681.8,1821604.900000002,2542.4,494,0,0
-0.895323,52.793509,2019-08-19 03:00:57,Sheffield,104225.2,1823107.700000002,1502.8,494,0,0
-0.908543,52.799368,2019-08-19 03:20:51,Sheffield,103079.7,1824788.900000002,1681.2,494,0,0
-0.912296,52.806241,2019-08-19 03:40:51,Sheffield,102191,1826345.900000002,1557.0,495,0,0
-0.922371,52.810357,2019-08-19 04:00:45,Sheffield,101023.6,1829453.700000002,3107.7999999999997,496,0,0
-0.95433,52.819807,2019-08-19 04:21:01,Sheffield,98306.3,1830542.3000000021,1088.6,497,0,0
-0.966586,52.824837,2019-08-19 04:40:45,Sheffield,97251.9,1832991.6000000022,2449.3,497,0,0
-0.97132,52.829198,2019-08-19 05:00:52,Sheffield,96616.3,1834997.500000002,2005.8999999999999,497,0,0
-0.977399,52.844783,2019-08-19 05:20:54,Sheffield,94802.7,1836676.400000002,1678.8999999999999,498,0,0
-0.975193,52.854123,2019-08-19 05:40:44,Sheffield,93622.9,1839048.800000002,2372.4,499,0,0
-0.988297,52.872341,2019-08-19 06:00:56,Sheffield,91274.4,1840395.900000002,1347.1,500,0,0
-0.999641,52.881863,2019-08-19 06:20:52,Sheffield,89935.9,1841876.100000002,1480.2,501,0,0
-0.999715,52.881925,2019-08-19 06:40:45,Sheffield,89927.4,1844184.100000002,2308.0,502,0,0
-1.004749,52.893126,2019-08-19 07:00:54,Sheffield,88449.1,1845438.5000000019,1254.4,502,0,0
-1.016055,52.895506,2019-08-19 07:20:52,Sheffield,87619.4,1847940.0000000019,2501.5,503,0,0
-1.041552,52.908197,2019-08-19 07:40:57,Sheffield,85258.4,1851341.800000002,3401.8,504,0,0
-1.077014,52.912858,2019-08-19 08:01:19,Sheffield,82354.6,1853645.5000000019,2303.7,504,0,0
-1.102367,52.922749,2019-08-19 08:21:18,Sheffield,80053.7,1854649.300000002,1003.8,504,0,0
-1.106656,52.929039,2019-08-19 08:40:45,Sheffield,79153.5,1856641.7000000018,1992.4,505,0,0
-1.127525,52.938791,2019-08-19 09:01:31,Sheffield,77166.9,1857676.1000000017,1034.3999999999999,505,0,0
-1.131569,52.945961,2019-08-19 09:20:45,Sheffield,76171.1,1858715.8000000017,1039.7,506,0,0
-1.140282,52.950849,2019-08-19 09:41:03,Sheffield,75150.7,1859794.1000000017,1078.3000000000002,507,0,0
-1.149668,52.95423,2019-08-19 10:01:03,Sheffield,74177.8,1860971.6000000017,1177.5,507,0,0
-1.160392,52.961441,2019-08-19 10:20:45,Sheffield,73004.9,1862444.7000000018,1473.1,508,0,0
-1.169864,52.969347,2019-08-19 10:41:20,Sheffield,71763.8,1863668.6000000017,1223.9,509,0,0
-1.174825,52.979034,2019-08-19 11:01:04,Sheffield,70622.6,1864678.7000000018,1010.0999999999998,510,0,0
-1.179971,52.985794,2019-08-19 11:20:45,Sheffield,69682.3,1865745.4000000018,1066.7,510,0,0
-1.178748,52.993807,2019-08-19 11:40:57,Sheffield,68742.4,1866912.5000000019,1167.1,511,0,0
-1.180668,53.003558,2019-08-19 12:01:00,Sheffield,67585.9,1867923.2000000018,1010.7,511,0,0
-1.185501,53.010591,2019-08-19 12:20:45,Sheffield,66685.4,1869074.5000000019,1151.3,512,0,0
-1.187867,53.018763,2019-08-19 12:41:02,Sheffield,65593.4,1870559.4000000018,1484.9,513,0,0
-1.195653,53.029747,2019-08-19 13:01:03,Sheffield,64224.5,1871621.9000000018,1062.5,513,0,0
-1.201709,53.037671,2019-08-19 13:20:45,Sheffield,63220.3,1872991.6000000017,1369.6999999999998,513,0,0
-1.205672,53.045797,2019-08-19 13:41:20,Sheffield,62107.9,1875249.5000000016,2257.8999999999996,513,0,0
-1.207881,53.054878,2019-08-19 14:00:53,Sheffield,60953.9,1877108.0000000016,1858.5,514,0,0
-1.218422,53.06947,2019-08-19 14:21:04,Sheffield,59176.8,1878315.1000000017,1207.1,514,0,0
-1.23,53.070233,2019-08-19 14:40:45,Sheffield,58262.2,1879512.2000000018,1197.1,515,0,0
-1.233904,53.079804,2019-08-19 15:01:01,Sheffield,57091,1880543.7000000018,1031.5,516,0,0
-1.241546,53.085026,2019-08-19 15:17:26,Sheffield,56161,1882168.6000000017,1624.9,516,0,0
-1.244201,53.098321,2019-08-19 15:40:04,Sheffield,54592.9,1883379.7000000018,1211.1,516,0,0
-1.247099,53.106406,2019-08-19 15:59:44,Sheffield,53669.9,1884724.800000002,1345.1,516,0,0
-1.252947,53.115461,2019-08-19 16:20:16,Sheffield,52374,1885807.600000002,1082.8,516,0,0
-1.258637,53.122828,2019-08-19 16:40:05,Sheffield,51402.7,1886861.900000002,1054.3000000000002,517,0,0
-1.26105,53.129965,2019-08-19 16:59:45,Sheffield,50399.5,1888379.700000002,1517.8000000000002,517,0,0
-1.263114,53.143089,2019-08-19 17:19:58,Sheffield,48892,1889766.000000002,1386.3,517,0,0
-1.270849,53.149284,2019-08-19 17:39:52,Sheffield,47958.3,1891025.3000000021,1259.3000000000002,518,0,0
-1.280382,53.155009,2019-08-19 18:00:01,Sheffield,46995.5,1892208.4000000022,1183.1,518,0,0
-1.283979,53.161101,2019-08-19 18:19:52,Sheffield,46193.1,1893478.4000000022,1270.0,518,0,0
-1.287125,53.164256,2019-08-19 18:39:44,Sheffield,45744,1894929.6000000022,1451.2,518,0,0
-1.289268,53.176128,2019-08-19 18:59:51,Sheffield,44342.9,1896269.4000000022,1339.8,518,0,0
-1.299428,53.181887,2019-08-19 19:19:54,Sheffield,43345.6,1897404.3000000021,1134.9,518,0,0
-1.307584,53.186168,2019-08-19 19:39:44,Sheffield,42362.2,1898444.200000002,1039.9,519,0,0
-1.309889,53.190725,2019-08-19 19:59:54,Sheffield,41604.1,1900049.8000000021,1605.6,520,0,0
-1.314626,53.194756,2019-08-19 20:19:44,Sheffield,40772.2,1902381.6000000022,2331.8,520,0,0
-1.316479,53.208082,2019-08-19 20:39:54,Sheffield,39020.9,1903543.8000000021,1162.2,521,0,0
-1.309623,53.217047,2019-08-19 20:59:51,Sheffield,37874.5,1904640.500000002,1096.7,522,0,0
-1.309928,53.226644,2019-08-19 21:19:53,Sheffield,36779.4,1907334.400000002,2693.9,522,0,0
-1.323082,53.246756,2019-08-19 21:40:02,Sheffield,34231.8,1909314.000000002,1979.6000000000001,522,0,0
-1.32782,53.253521,2019-08-19 21:59:51,Sheffield,33116.2,1910398.6000000022,1084.6000000000001,523,0,0
-1.336251,53.259102,2019-08-19 22:19:44,Sheffield,32245,1911504.500000002,1105.8999999999999,524,0,0
-1.342292,53.265524,2019-08-19 22:40:00,Sheffield,31256,1912560.3000000021,1055.8000000000002,524,0,0
-1.345985,53.270202,2019-08-19 22:59:44,Sheffield,30480,1915017.700000002,2457.4,525,0,0
-1.336431,53.28938,2019-08-19 23:19:54,Sheffield,28186,1916028.600000002,1010.9000000000001,526,0,0
-1.334475,53.297759,2019-08-19 23:39:59,Sheffield,27215.7,1917254.300000002,1225.7,526,0,0
-1.332944,53.304117,2019-08-19 23:59:44,Sheffield,26461,1918260.100000002,1005.8,527,0,0
-1.338307,53.30655,2019-08-20 00:19:57,Sheffield,25990,1919412.300000002,1152.1999999999998,528,0,0
-1.342883,53.310214,2019-08-20 00:39:55,Sheffield,25368.8,1920667.600000002,1255.3,528,0,0
-1.347321,53.318978,2019-08-20 01:00:02,Sheffield,24143.4,1921710.900000002,1043.3,528,0,0
-1.352834,53.32483,2019-08-20 01:19:44,Sheffield,23103.6,1923653.300000002,1942.4,528,0,0
-1.36082,53.335153,2019-08-20 01:39:59,Sheffield,21610.2,1924715.100000002,1061.8,528,0,0
-1.369411,53.340396,2019-08-20 01:59:57,Sheffield,20570,1925763.800000002,1048.6999999999998,528,0,0
-1.37658,53.346912,2019-08-20 02:19:57,Sheffield,19588.1,1926856.900000002,1093.1,528,0,0
-1.387998,53.352395,2019-08-20 02:40:01,Sheffield,18498,1927926.900000002,1070.0,528,0,0
-1.389721,53.359487,2019-08-20 02:59:58,Sheffield,17499.9,1928976.800000002,1049.8999999999999,529,0,0
-1.391291,53.365251,2019-08-20 03:19:44,Sheffield,16702.4,1930002.900000002,1026.1,530,0,0
-1.396687,53.367971,2019-08-20 03:39:44,Sheffield,16167.9,1931556.600000002,1553.7,531,0,0
-1.405096,53.378325,2019-08-20 04:00:01,Sheffield,14665,1932602.0000000019,1045.4,531,0,0
-1.413141,53.382405,2019-08-20 04:20:05,Sheffield,13683.3,1933630.4000000018,1028.4,532,0,0
-1.41858,53.387656,2019-08-20 04:40:03,Sheffield,12711.7,1934684.3000000017,1053.9,533,0,0
-1.42981,53.39277,2019-08-20 05:00:05,Sheffield,11730.2,1936081.9000000018,1397.6,534,0,0
-1.436977,53.400361,2019-08-20 05:20:01,Sheffield,10556.3,1937327.8000000017,1245.8999999999999,535,0,0
-1.440943,53.409404,2019-08-20 05:39:44,Sheffield,9334,1938601.1000000017,1273.3000000000002,536,0,0
-1.447352,53.417744,2019-08-20 05:59:57,Sheffield,8102.3,1939630.9000000018,1029.8000000000002,537,0,0
-1.449637,53.424185,2019-08-20 06:19:55,Sheffield,7271.3,1940791.5000000019,1160.6,537,0,0
-1.453711,53.431619,2019-08-20 06:40:01,Sheffield,6226,1942171.0000000019,1379.5,537,0,0
-1.457838,53.441506,2019-08-20 06:59:58,Sheffield,4979.5,1943499.7000000018,1328.7,538,0,0
-1.461934,53.446776,2019-08-20 07:19:44,Sheffield,4131.2,1944657.5000000019,1157.8,539,0,0
-1.464061,53.453519,2019-08-20 07:39:53,Sheffield,3205.5,1945706.800000002,1049.3000000000002,539,0,0
-1.470658,53.459779,2019-08-20 07:59:43,Sheffield,2277.2,1946772.2000000018,1065.4,540,0,0
-1.474234,53.467882,2019-08-20 08:20:01,Sheffield,1240.3,1948012.6000000017,1240.4,540,0,0
-1.47745,53.472345,2019-09-06 20:00:28,Gwynedd,184476,1949405.6000000017,1393.0,541,0,0
